LANGUAGE,English,Korean

COMMENT,Date and Time,일시
STR_SUNDAY,Sun,일요일
STR_MONDAY,Mon,월요일
STR_TUESDAY,Tue,화요일
STR_WEDNESDAY,Wed,수요일
STR_THURSDAY,Thu,목요일
STR_FRIDAY,Fri,금요일
STR_SATURDAY,Sat,토요일

STR_JANUARY,Jan,1월
STR_FEBRUARY,Feb,2월
STR_MARCH,Mar,3월
STR_APRIL,Apr, 4월
STR_MAY,May, 5월
STR_JUNE,Jun, 6월
STR_JULY,Jul, 7월
STR_AUGUST,Aug, 8월
STR_SEPTEMBER,Sep, 9월
STR_OCTOBER,Oct, 10월
STR_NOVEMBER,Nov, 11월
STR_DECEMBER,Dec, 12월

STR_DATE_FORMAT,"%a, %b %d","%a, %b %d일"
STR_DATE_FORMAT_SHORT,%b %d,%b %d
STR_TIME_FORMAT,% 2d:%02d,% 2d : %02d
STR_MAP_INFO_OLD, Info age: % 2d:%02d, Info age :  % 2d : %02d

STR_RESOLUTION_FORMAT,%d x %d x %d,%d x %d x %d
STR_REFRESH_RATE_FORMAT,%d Hz,%d Hz
STR_WINDOWED,Windowed,Windowed

COMMENT,Sides,소속
STR_WEST,West,나토군
STR_EAST,East,소련군
STR_GUERRILA,Resistance,레지스탕스
STR_CIVILIAN,Civilian,민간인
STR_LOGIC,Game Logic,게임 로직
STR_EMPTY,Empty,비었음
STR_NOBODY,Nobody,아무도 없음

COMMENT,Ranks,계급
STR_PRIVATE,Private,일병
STR_CORPORAL,Corporal,상병
STR_SERGEANT,Sergeant,병장
STR_LIEUTNANT,Lieutenant,중위
STR_CAPTAIN,Captain,대위
STR_MAJOR,Major,소령
STR_COLONEL,Colonel,대령
STR_GENERAL,General,장군

STR_SHORT_PRIVATE,Pvt,일병
STR_SHORT_CORPORAL,Corp,상병
STR_SHORT_SERGEANT,Sgt,병장
STR_SHORT_LIEUTNANT,Ltn,중위
STR_SHORT_CAPTAIN,Cpt,대위
STR_SHORT_MAJOR,Mjr,소령
STR_SHORT_COLONEL,Col,대령
STR_SHORT_GENERAL,Gen,장군

COMMENT,Combat modes and Formations,전투 모드 및 대열
STR_IGNORE,Never fire,사격절대금지
STR_BYPASS,Hold fire,사격금지
STR_WHITE,"Hold fire, Engage at will","사격 금지, 접근 공격"
STR_CONTACT,Open fire,사격개시
STR_ENGAGE,"Open fire, Engage at will","사격개시, 접근 공격"
STR_OPEN_FIRE,Open fire,사격개시
STR_HOLD_FIRE,Hold fire,사격금지
STR_STEALTH,Stealth,은폐
STR_COMBAT,Danger,위험
STR_AWARE,Aware,주의
STR_SAFE,Safe,안전
STR_COMBAT_MODE,Combat Mode,전투 모드
STR_POS_UP,Stand Up,일어섯
STR_POS_DOWN,Go prone,포복으로
STR_POS_AUTO,Keep low,자세 낮춰

STR_COLUMN,Column,2열종대
STR_STAGGERED,Staggered Col.,교차형2열종대
STR_WEDGE,Wedge,쐐기형대열
STR_ECHL,Echelon L.,좌측제형대열
STR_ECHR,Echelon R.,우측제형대열
STR_VEE,Vee,V대열
STR_LINE,Line,1열횡대
STR_DISENGAGE,Disengage,퇴각
STR_ENGAGE_AT_WILL,Engage at will,접근 공격
STR_ENGAGE_NOW,Engage,교전

COMMENT,Command State,명령 상태
STR_STATE_NOCOMMAND,None,없음
STR_STATE_WAIT,Ready,준비완료
STR_STATE_ATTACK,Engage,교전
STR_STATE_HIDE,Hide,은폐
STR_STATE_MOVE,Move,이동
STR_STATE_HEAL,Heal,치료
STR_STATE_REPAIR,Repair,수리
STR_STATE_REFUEL,Refuel,연료보급
STR_STATE_REARM,Rearm,탄약보급
STR_STATE_SUPPORT,Support,지원
STR_STATE_JOIN,Follow,합류
STR_STATE_GETIN,Mount,탑승
STR_STATE_FIRE,Fire,사격
STR_STATE_GETOUT,Disembark,하차
STR_STATE_STOP,Stop,정지
STR_STATE_EXPECT,Wait,대기
STR_STATE_ACTION,Action,액션


COMMENT,Command,명령

STR_NOCOMMAND,None,없음
STR_WAIT,Wait,대기
STR_ATTACK,Engage,교전
STR_HIDE,Find cover,엄폐
STR_MOVE,Move,이동
STR_HEAL,Heal,치료
STR_REPAIR,Repair,수리
STR_REFUEL,Refuel,연료보급
STR_REARM,Rearm,탄약충전
STR_SUPPORT,Support,지원
STR_JOIN,Follow,합류
STR_GETIN,Mount,탑승
STR_FIRE,Fire,사격
STR_GETOUT,Disembark,하차
STR_STOP,Stop,정지
STR_EXPECT,Wait for me,분대장 뒤에 대기
STR_ACTION,Action,액션

STR_WATCH,Engage,교전
STR_WATCH_AROUND,Watch Around,수색
STR_WATCH_AUTO,No target,적 없음
STR_ADVANCE,Advance,전진
STR_STAY_BACK,Stay Back,후방대기
STR_FLANK_LEFT,Flank Left,좌측전개
STR_FLANK_RIGHT,Flank Right,우측전개
STR_NEXT_WAYPOINT,Next waypoint,다음 이동포인트

STR_AWAY,Away,이탈
STR_FOLLOW_ME,Return to Formation,대열 합류
STR_CEASE_FIRE,Cease Fire,사격중지

STR_LEADER,Leader,분대장

STR_RADIO_CUSTOM,Custom,커스텀

STR_RADIO,Radio,무전기
STR_RADIO_ALPHA,Alpha,알파
STR_RADIO_BRAVO,Bravo,브라보
STR_RADIO_CHARLIE,Charlie,찰리
STR_RADIO_DELTA,Delta,델타
STR_RADIO_ECHO,Echo,에코
STR_RADIO_FOXTROT,Foxtrot,폭스트롯
STR_RADIO_GOLF,Golf,골프
STR_RADIO_HOTEL,Hotel,호텔

COMMENT,InGameUI,InGameUl
STR_UI_HBAR,Health,체력
STR_UI_ABAR,Armor,장갑
STR_UI_FBAR,Fuel,연료
STR_UI_EBAR,Rating,평가

STR_UI_CARGO_INF,Cargo infantry %d,보병 차량 %d
STR_UI_CARGO_FUEL,Cargo fuel %.0f,연료 차량 %.0f
STR_UI_CARGO_REPAIR,Cargo repair %.0f,수리 차량 %.0f
STR_UI_CARGO_AMMO,Cargo ammo %.0f,탄약 차량 %.0f
STR_UI_SPEED,Speed %.0f,속력 %.0f
STR_UI_ALT,Alt. %.0f,고도. %.0f

COMMENT,Multiplayer statistics,멀티플레이어 통계
STR_MPTABLE_NAME,Player,플레이어
STR_MPTABLE_INFANTRY,Infantry,보병
STR_MPTABLE_SOFT,Soft,차량
STR_MPTABLE_ARMORED,Armored,장갑차량
STR_MPTABLE_AIR,Air,비행유닛
STR_MPTABLE_PLAYERS,Players,플레이어
STR_MPTABLE_TOTAL,Total,합계
STR_MPTABLE_KILLED,Killed,전사횟수

COMMENT,Actions,액션
STR_NO_ACTION,No action available,액션 불가능
STR_ACTION_GETIN_COMMANDER,Get in %s as commander,%s에 지휘석으로 탑승
STR_ACTION_GETIN_DRIVER,Get in %s as driver,%s에 조종수로 탑승
STR_ACTION_GETIN_PILOT,Get in %s as pilot,%s에 파일럿으로 탑승
STR_ACTION_GETIN_GUNNER,Get in %s as gunner,%s에 사격수로 탑승
STR_ACTION_GETIN_CARGO,Get in %s ride in back,%s뒷자석에 탑승
STR_ACTION_HEAL,Heal at %s,%s에(게)서 치료
STR_ACTION_REPAIR,Repair at %s,%에(게)서 수리
STR_ACTION_REFUEL,Refuel at %s,%s에(게)서 연료보급
STR_ACTION_REARM,Rearm at %s,%s에(게)서 탄약충전
STR_ACTION_GETOUT,Get out,하차
STR_ACTION_LIGHTON,Light on,라이트 켬
STR_ACTION_LIGHTOFF,Light off,라이트 끔
STR_ACTION_ENGINEON,Engine on,엔진 가동
STR_ACTION_ENGINEOFF,Engine off,엔진 끔
STR_ACTION_WEAPON,Weapon %s,%s(을)를 무장
STR_ACTION_MAGAZINE,Reload %s,%s(을)를 재장전
STR_ACTION_TAKEWEAPON,Take %s,%s(을)를 획득
STR_ACTION_DROPTAKEWEAPON,Take %s (drop %s),%s(을)를 획득 (%s(을) 버림)
STR_ACTION_TAKEMAGAZINE,Take %s,%s(을)를 획득
STR_ACTION_DROPTAKEMAGAZINE,Take %s (drop %s),%s을(를) 획득 (%s을(를) 버림)
STR_ACTION_TAKEFLAG,Take Flag,깃발 획득
STR_ACTION_RETURNFLAG,Return Flag,깃발 원위치
STR_ACTION_TURNIN,Turn in,해치 닫기
STR_ACTION_TURNOUT,Turn out,해치 열기
STR_ACTION_WEAPONINHAND,%s in hand,%s 무장
STR_ACTION_WEAPONONBACK,%s on back,%s 어깨 걸기
STR_ACTION_SITDOWN,Sit down,앉음
STR_ACTION_EJECT,Eject,탈출
STR_ACTION_LAND,Landing autopilot,자동조종으로 착륙
STR_ACTION_CANCEL_LAND,Landing autopilot off,자동조종 끔
STR_ACTION_TO_DRIVER,To driver's seat,운전석으로
STR_ACTION_TO_PILOT,To pilot's seat,파일럿석으로
STR_ACTION_TO_GUNNER,To gunner's seat,사격수석으로
STR_ACTION_TO_COMMANDER,To commander's seat,지휘석으로
STR_ACTION_TO_CARGO,To back seat,뒷자리로
STR_ACTION_HIDE_BODY,Hide body,시체숨김
STR_ACTION_TOUCH_OFF,Touch Off %d bomb(s),%d 폭파
STR_ACTION_START_TIMER,Set timer on (%.0f seconds),(%.초) 폭파시간맞춤
STR_ACTION_SET_TIMER,Set timer +%.0f sec. (%.0f remaining),폭파시간맞춤 +%. 초 . (%. 초남음)
STR_ACTION_DEACTIVATE,Deactivate bomb,폭탄 해체

STR_ACTION_TAKEOFF_GOGGLES,Take off NV goggles,야간투시경 벗기
STR_ACTION_TAKEON_GOGGLES,Put on NV goggles,야간투시경 착용
STR_ACTION_MANUAL_FIRE,Manual fire,수동 사격
STR_ACTION_MANUAL_FIRE_CANCEL,Cancel manual fire,수동 사격 해제
STR_ACTION_HOVER,Auto-hover,오토호버링
STR_ACTION_HOVER_CANCEL,Cancel Auto-hover,오토호버링 해제
STR_ACTION_STROKEFIST,Strike with fist,주먹으로 가격
STR_ACTION_STROKEGUN,Strike with gun,소총으로 가격

STR_ACTION_LADDERUP,Climb Ladder Up,사다리 오르기
STR_ACTION_LADDERDOWN,Climb Ladder Down,사다리 내려가기
STR_ACTION_LADDERON,Grasp Ladder,사다리 잡기
STR_ACTION_LADDEROFF,Drop Ladder,사다리 내리기

STR_ACTION_FIRE_INFLAME,Light fire,불켜기
STR_ACTION_FIRE_PUT_DOWN,Put out fire,불끄기
STR_ACTION_GEAR_UP,Gear up,바퀴 올리기
STR_ACTION_GEAR_DOWN,Gear down,바퀴 내리기
STR_ACTION_FLAPS_UP,Flaps up,플랩 올리기
STR_ACTION_FLAPS_DOWN,Flaps down,플랩 내리기

STR_USRACT_MOVE_FORWARD,Move forward,전진
STR_USRACT_MOVE_BACK,Move back,후진
STR_USRACT_TURN_LEFT,Strafe left,좌측 항공기공격
STR_USRACT_TURN_RIGHT,Strafe right,우측 항공기공격
STR_USRACT_MOVE_UP,Move up,위로 이동
STR_USRACT_MOVE_DOWN,Move down,아래로 이동
STR_USRACT_FAST_FORWARD,Fast forward,빠르게 전진
STR_USRACT_SLOW_FORWARD,Slow forward,느리게 전진
STR_USRACT_MOVE_LEFT,Turn left,좌로
STR_USRACT_MOVE_RIGHT,Turn right,우로
STR_USRACT_TOGGLE_WEAPONS,Toggle weapons,무기 토글
STR_USRACT_FIRE,Fire,사격
STR_USRACT_RELOAD_MAGAZINE,Reload magazine,탄창 재장전
STR_USRACT_LOCK_TARGETS,Next target,다음 타겟
STR_USRACT_LOCK_TARGET,Lock target,타겟 고정
STR_USRACT_REVEAL_TARGET,Reveal target,타겟 확인
STR_USRACT_PREV_ACTION,Previous action,이전 액션
STR_USRACT_NEXT_ACTION,Next action,다음 액션
STR_USRACT_ACTION,Perform action,액션 수행
STR_USRACT_HEADLIGHTS,Headlights on/off,라이트 켬/끔
STR_USRACT_NIGHT_VISION,Night vision,야시경
STR_USRACT_BINOCULAR,Binocular,쌍안경
STR_USRACT_COMPASS,Compass,나침반
STR_USRACT_WATCH,Watch,시각
STR_USRACT_MAP,Map,지도
STR_USRACT_HELP,Last help,최근 도움말
STR_USRACT_TIME_INC,Time acceleration,시간 가속
STR_USRACT_TIME_DEC,Time deceleration,시간 감속
STR_USRACT_OPTICS,Optics,조준경
STR_USRACT_PERSON_VIEW,1st / 3rd person view,1인칭 / 3인칭 시점
STR_USRACT_TACTICAL_VIEW,Tactical view,지휘 시점
STR_USRACT_ZOOM_IN,Zoom in,확대
STR_USRACT_ZOOM_OUT,Zoom out,축소
STR_USRACT_LOOK_ARROUND,Look around,사방 보기
STR_USRACT_LOOK_ARROUND_TOGGLE,Free-look,임의방향 보기
STR_USRACT_LOOK_LEFT_DOWN,Look left down,좌측하단 보기
STR_USRACT_LOOK_DOWN,Look down,아래 보기
STR_USRACT_LOOK_RIGHT_DOWN,Look right down,우측하단 보기
STR_USRACT_LOOK_LEFT,Look left,좌측 보기
STR_USRACT_LOOK_CENTER,Center look,중앙 보기
STR_USRACT_LOOK_RIGHT,Look right,우측 보기
STR_USRACT_LOOK_LEFT_UP,Look left up,좌측상단 보기
STR_USRACT_LOOK_UP,Look up,상단 보기
STR_USRACT_LOOK_RIGHT_UP,Look right up,우측상단 보기
STR_USRACT_PREV_CHANNEL,Previous channel,이전 채널
STR_USRACT_NEXT_CHANNEL,Next channel,다음 채널
STR_USRACT_CHAT,Chat,채팅
STR_USRACT_VOICE_OVER_NET,Voice Over Net,음성송수신
STR_USRACT_NETWORK_STATS,Multiplayer statistics,멀티플레이어 통계
STR_USRACT_NETWORK_PLAYERS,List of players,플레이어 리스트
STR_USRACT_SELECT_ALL,Select all units,모든 유닛 선택
STR_USRACT_TURBO,Turbo,터보

STR_DIFF_ARMOR,Extended armor,장갑 확장
STR_DIFF_FRIENDLY_TAG,Friendly TAG,아군표식
STR_DIFF_ENEMY_TAG,Enemy TAG,적 표식
STR_DIFF_HUD,Extended HUD info,확장 HUD 정보
STR_DIFF_AUTO_SPOT,Auto report,자동 보고
STR_DIFF_MAP,Extended map info,확장 지도 정보
STR_DIFF_WEAPON_CURSOR,Weapon crosshair,무기 조준 십자선
STR_DIFF_AUTO_GUIDE_AT,Auto guide AT,자동 AT 가이드
STR_DIFF_CLOCK_INDICATOR,Clock indicator,방향 지시 표시


COMMENT,Currency format,현재 포맷
STR_CURRENCY_NONE,NOTHING,없음
STR_CURRENCY_LOT,UNLIMITED,무한대
STR_CURRENCY_BLANK,.,.
STR_CURRENCY_FORMAT,$%s,$%s

COMMENT,Default values for displays,디스플레이 기본설정
STR_NEW_GAME,*** New Game ***,*** 새게임 ***
STR_PLAY_WEST,Play west,웨스트로 플레이
STR_PLAY_EAST,Play east,이스트로 플레이
STR_PLAY_GUERRILA,Play resistance,레지스탕스로 플레이
STR_ARCUNIT_TITLE2,Insert unit,유닛 삽입
STR_ARCUNIT_TITLE4,Edit unit,유닛 편집
STR_ARCWP_TITLE1,Insert waypoint,웨이포인트 삽입
STR_ARCWP_TITLE2,Edit waypoint,웨이포인트 편집
STR_ARCSENS_TITLE1,Insert trigger,트리거 삽입
STR_ARCSENS_TITLE2,Edit trigger,트리거 편집
STR_ARCMARK_TITLE1,Insert marker,마크 삽입
STR_ARCMARK_TITLE2,Edit marker,마크 편집
STR_ARCMARK_TYPE1,Icon:,아이콘 : 
STR_ARCMARK_TYPE2,Fill:,채우기 : 
STR_MAIN_PLAYER,PLAYER: %s,플레이어 :  %s
STR_MAIN_RANK,%s Ian Gastovski,%s Ian Gastovski
STR_MAIN_MISSION,Mission: %s,미션 :  %s
STR_NONPLAYABLE,Non Playable,플레이 할수없음
STR_PLAYER,Player,플레이어
STR_PLAYER_COMMANDER,Player as commander,커맨더로 플레이
STR_PLAYER_DRIVER,Player as driver,조종수로 플레이
STR_PLAYER_PILOT,Player as pilot,파일럿으로 플레이
STR_PLAYER_GUNNER,Player as gunner,사격수로 플레이
STR_PLAYABLE,Playable,플레이 가능
STR_PLAYABLE_C,Playable as commander,지휘관으로 플레이 가능
STR_PLAYABLE_D,Playable as driver,파일럿으로 플레이 가능
STR_PLAYABLE_P,Playable as pilot,파일럿으로 플레이 가능
STR_PLAYABLE_G,Playable as gunner,사수로 플레이 가능
STR_PLAYABLE_CD,"Playable as commander, driver","지휘관으로 플레이 가능"""
STR_PLAYABLE_CP,"Playable as commander, pilot","지휘관, 파일럿으로 플레이 가능"
STR_PLAYABLE_CG,"Playable as commander, gunner","전차장, 사수로 플레이 가능"
STR_PLAYABLE_DG,"Playable as driver, gunner","조종수, 사격수로 플레이 가능"
STR_PLAYABLE_PG,"Playable as pilot, gunner","파일럿,포수로 플레이 가능"
STR_PLAYABLE_CDG,"Playable as commander, driver, gunner","지휘관, 조종수, 사격수로 플레이 가능"
STR_PLAYABLE_CPG,"Playable as commander, pilot, gunner","지휘관, 파일럿, 사격수로 플레이 가능"
STR_STAT_MISSION,Mission statistics:,미션 통계 : 
STR_STAT_TOTAL,Total statistics:,총계 : 
STR_STAT_YOU,YOU WERE KILLED %d TIMES.,당신은 %d 회 전사하였습니다.
STR_STAT_GRP,YOUR GROUP LOST %d UNITS.,당신의 대원 중 %d 명이 전사하였습니다.
STR_TEMPL_MERGE,Merge mission,미션 합치기
STR_SOUND_NONE,No sound,효과음 OFF
STR_MUSIC_NONE,No music,뮤직 OFF
STR_MUSIC_SILENCE,Silence,침묵
STR_NO_CHANGE,No change,변화 없음
STR_CAMPAIGN_NEW,New campaign,새 캠페인
STR_CAMPAIGN_MIS_TITLE,%s - %s - Mission Statistics,%s - %s - 미션 통계
STR_SURE,Are you sure?,확실합니까?
STR_HOUSE_POSITION,Position #%d,위치 #%d
STR_SENSOR,TRIGGER,트리거
STR_RADIO_UNASSIGNED,,
STR_CAMPAIGN_START,Start campaign,작전 개시
STR_CAMPAIGN_RETRY,Retry mission,재시도
STR_CAMPAIGN_CONTINUE,Continue,계속
STR_MULTI_LAN,LAN,LAN
STR_MULTI_REMOTE,Remote,Remote
STR_SESSION_NAME_FORMAT,%s on %s,%s on %s
STR_PLAYER_AI,AI,AI
STR_PLAYER_NONE,NOBODY,없음
STR_POSITION_COMMANDER, commander,지휘관
STR_POSITION_DRIVER, driver,운전사
STR_POSITION_PILOT, pilot,파일럿
STR_POSITION_GUNNER, gunner,사격수
STR_POSITION_LEADER,", group leader",", 분대장"
STR_DIFF_CADET,Difficulty: Cadet,난이도 : 훈련병
STR_DIFF_VETERAN,Difficulty: Veteran,난이도 : 베테랑
STR_EXPORT_NONE,User mission,사용자 정의 미션
STR_EXPORT_SINGLE,Export to single missions,싱글 미션으로 저장
STR_EXPORT_MULTI,Export to multiplayer missions,멀티플레이어 미션으로 저장
STR_EXPORT_MAIL,Send by e-mail,e-mail로 보내기
STR_VERSION_INFO,Version: %s,버젼 :  %s
STR_EDITOR_EASY,Easy,초급
STR_EDITOR_ADVANCED,Advanced,고급
STR_EMPTY_SLOT,Empty,공백
STR_NOT_ASSIGNED,<Unassigned>,<미지정>
STR_MPROLE_TITLE_WEST,West setup,나토군 셋업
STR_MPROLE_TITLE_EAST,East setup,소련군 셋업
STR_MPROLE_TITLE_RESIST,Resistance setup,레지스탕스 셋업
STR_MPROLE_TITLE_CIVIL,Civilians setup,민간인 셋업
STR_MPROLE_ENABLE,Enable,가능
STR_MPROLE_DISABLE,Disable,불가능
STR_NEWUSER_TITLE1,New player,뉴 플레이어
STR_NEWUSER_TITLE2,Edit player,플레이어 편집
STR_CONFIG_YNORMAL,Y axis normal,Y 축 정상
STR_CONFIG_YREVERSED,Y axis reversed,Y 축 반대
STR_CONFIG_JOYSTICK_DISABLED,Joystick disabled,조이스틱 사용 불가능
STR_CONFIG_JOYSTICK_ENABLED,Joystick enabled,조이스틱 사용 가능
STR_OPT_SUBTITLES_DISABLED,Subtitles disabled,자막 지원
STR_OPT_SUBTITLES_ENABLED,Subtitles enabled,자막 미지원
STR_OPT_RADIO_DISABLED,Radio subtitles disabled,무전기 자막 비지원
STR_OPT_RADIO_ENABLED,Radio subtitles enabled,무전기 자막 지원
STR_SINGLE_PLAY,Play,시작
STR_SINGLE_RESUME,Resume (%d/%d/%d %d:%02d),계속 (%d/%d/%d %d : %02d)
STR_SINGLE_RESTART,Restart,재시작 
STR_CAMPAIGN_BEGIN,Start,시작
STR_CAMPAIGN_RESTART,Revert,복구
STR_CAMPAIGN_RESUME,Continue,계속
STR_CAMPAIGN_LB_CONTINUE, - continue (%d/%d/%d %d:%02d), - 계속 (%d/%d/%d %d : %02d)
STR_VEHICLE_UNLOCKED,Unlocked,고정되어 있지 않음
STR_VEHICLE_DEFAULT,Default,기본설정
STR_VEHICLE_LOCKED,Locked,고정
STR_ENABLED,Enabled,가능
STR_DISABLED,Disabled,불가능
STR_LEFT_BUTTON,Left,왼쪽
STR_RIGHT_BUTTON,Right,오른쪽
STR_SINGLE_VOICE,Single,싱글  
STR_ALL_VOICES,All,모두
STR_NO_PASSWORD,No password,패스워드 없음
STR_PASSWORD,Password: %s,패스워드 :  %s
STR_PLAYER_ID,Player ID: %s,플레이어 ID :  %s

STR_CHANNEL_GLOBAL,Global channel,글로발 채널
STR_CHANNEL_SIDE,Side channel,소속 채널
STR_CHANNEL_GROUP,Group channel,그룹 채널
STR_CHANNEL_VEHICLE,Vehicle channel,차량 채널
STR_CHANNEL_DIRECT,Direct speaking,직접 말하기

STR_COMMANDER, Commander,지휘관
STR_DRIVER, Driver,조종수
STR_PILOT, Pilot,파일럿
STR_GUNNER, Gunner,사격수

STR_MAP_NOTES,Notes,메시지
STR_MAP_PLAN,Plan,계획
STR_MAP_GEAR,Gear,장비
STR_MAP_GROUP,Group,그룹
STR_MAP_DNOTES,Notes,메시지
STR_MAP_DLOG,Summary,요약

STR_MISSION_COMPLETED,Done,완료
STR_MISSION_INCOMPLETED,Mission is not completed,미션이 완료되지 않았습니다.
STR_MISSION_FAILED,Mission failed,미션을 실패하였습니다.
STR_MISSION_KILLED,You are dead.,전사하였습니다.
STR_UI_PRESSEND,Press END to exit the mission.,미션종료를 위해 END를 누르십시오.
STR_UI_PRESSENDRETRY,Press END to retry the mission.,미션 재시작을 위해 END를 누릅십시오.
STR_LIVES_1,Your last chance!!!,마지막 기회입니다!!!!
STR_LIVES_3,Only %d attempts left!,%d 회만의 기회가 남았습니다!
STR_LIVES_MORE,%d more attempts.,%d 의 기회가 남았습니다.

STR_MIS_STATE_INTERRUPTED,Interrupted,중단
STR_MIS_STATE_COMPLETED,Completed,완료
STR_MIS_STATE_FAILED,Failed,실패
STR_MIS_STATE_ERROR,Error,에러 발생

STR_OBJECTIVE_DONE,Objective completed,목표 달성
STR_OBJECTIVE_UPDATED,Mission plan updated,미션 계획 수정

STR_MSG_SELECT_GAME,Game must be selected here!,게임을 반드시 선택해야 합니다!
STR_MSG_NAME_EMPTY,Game name cannot be empty!,게임명을 반드시 입력해야 합니다!
STR_MSG_PLAYERNAME_EMPTY,Player's name cannot be empty!,플레이어 이름을 반드시 입력해야 합니다!
STR_MSG_PLAYER_EXIST,Player already exist!,이미 플레이어가 존재합니다!
STR_MSG_NETWORK_FAIL,Network services not found!,네트워크에 연결할 수 없습니다!
STR_MSG_NO_PLAYER,No player was selected!,플레이어가 선택되지 않았습니다!
STR_MSG_NO_PLAYERS,Two players are expected!,두명의 플레이어가 예정됩니다.
STR_MSG_ONE_SIDE,Cooperative mode is not supported!,협력 모드는 지원하지 않습니다!
STR_MSG_LOT_UNITS,Only %d units per group are supported!,각 분대에 %d 명의 대원만을 지원합니다!
STR_MSG_LOT_GROUPS,Only %d groups per side are supported!,각 소속군에 %d 개의 분대를 지원합니다!
STR_MSG_NO_VEH_SELECT,Vehicle must be selected!,차량을 선택해야 합니다!
STR_MSG_MARKER_EMPTY,Marker name cannot be empty!,Marker 의 이름을 지정해야 합니다!
STR_MSG_MARKER_EXIST,Marker with this name already exist!,Marker 동일한 이름이 이미 존재합니다!
STR_MSG_SELECT_MISSION,"Select campaign, battle or mission!","전투, 미션 혹은 캠페인 중 선택!"
STR_MSG_VEH_NAME,Invalid variable name!,사용 불가능한 변수명입니다!
STR_MSG_VEH_TEXT_USED,Variable name used!,사용중인 변수명입니다!
STR_MSG_LOAD_TEMPL_FAIL,Loading of mission failed!,미션 불러오기를 실패하였습니다!
STR_MSG_SAVE_TEMPL_FAIL,Saving of mission failed!,미션 저장하기를 실패하였습니다!
STR_MSG_TEMPL_READONLY,Warning: File is read only!,경고  :  읽기 전용 파일입니다!
STR_MSG_TEMPL_ACCESSDENIED,Access denied! Read only file?,접근 실패!  읽기 전용 파일 입니다
STR_MSG_MP_ASSIGN_PLAYERS,No player assigned!,플레이어가 지정되지 않았습니다!
STR_MSG_MP_BAD_ADDRESS,Bad IP address!,IP 주소 오류!
STR_MSG_MP_W_ASSIGN,West commander not assigned!,나토군 지휘관을 지정하지 않았습니다!
STR_MSG_MP_E_ASSIGN,East commander not assigned!,소련군 지휘관을 지정하지 않았습니다!
STR_MSG_MP_R_ASSIGN,Resistance commander not assigned!,레지스탕스 지휘관을 지정하지 않았습니다!
STR_MSG_MP_C_ASSIGN,Civilians commander not assigned!,민간인 지휘관을 지정하지 않았습니다!
STR_MSG_MP_SERVER_ASSIGN,You must be side commander!,소속군의 지휘관이어야 합니다!
STR_MSG_MP_PASSWORD,Password required.,패스워드 입력.
STR_MSG_MP_VERSION,"Bad version, server rejected connection.","버젼 오류, 서버에 연결하지 못했습니다."
STR_MSG_MP_CONNECT_ERROR,Connecting failed.,접속 실패


COMMENT,Experience,경험도
STR_EXP_MISSION_COMPLETED,MISSION COMPLETED. EXPERIENCE INCREASED.,미션 완료. 경험도 상승.
STR_EXP_MISSION_FAILED,MISSION FAILED. EXPERIENCE DECREASED.,미션 실패. 경험도 하락.
STR_EXP_COMMAND_COMPLETED,COMMAND COMPLETED. EXPERIENCE INCREASED.,명령 완수. 경험도 상승.
STR_EXP_COMMAND_FAILED,COMMAND FAILED. EXPERIENCE DECREASED.,명령 실행 실패. 경험도 하락.

STR_EXP_ENEMY_DESTROYED,ENEMY %s DESTROYED. EXPERIENCE INCREASED.,%s 명의 적군이 사망하였습니다. 경험도 증가.
STR_EXP_FRIENDLY_DESTROYED,FRIENDLY %s DESTROYED. EXPERIENCE DECREASED.,%s 명의 아군이 사망하였습니다. 경험도 감소.
STR_EXP_NEUTRAL_DESTROYED,NEUTRAL %s DESTROYED. EXPERIENCE DECREASED.,%s 명의 중립군이 사망하였습니다. 경험도 감소.
STR_EXP_UNKNOWN_DESTROYED,UNKNOWN %s DESTROYED. EXPERIENCE DECREASED.,소속이 불분명한 군인 %s 명이 사망하였습니다. 경험도 감소.

STR_EXP_UNIT_LOST,%s LOST. EXPERIENCE DECREASED.,%s 이 파괴되었습니다. 경험도 감소.
STR_EXP_FOLLOW_ME,YOU MUST FOLLOW YOUR LEADER. EXPERIENCE DECREASED.,지휘관의 명령에 복종해야 합니다. 경험도 감소.

STR_STAT_KILL_CIVIL,%s Civilian killed (%s),%s 민간인 사망 (%s)
STR_STAT_KILL_ENEMY_SOLDIER,%s Enemy soldier killed (%s),%s 적군 병사 사망 (%s)
STR_STAT_KILL_FRIENDLY_SOLDIER,%s Friendly soldier killed (%s),%s 아군 병사 사망 (%s)
STR_STAT_KILL_CIVILIAN_UNIT,%s Civilian %s destroyed (%s),%s 민간 %s 파괴 (%s)
STR_STAT_KILL_ENEMY_UNIT,%s Enemy %s destroyed (%s),%s 적 %s 파괴 (%s)
STR_STAT_KILL_FRIENDLY_UNIT,%s Friendly %s destroyed (%s),%s 아군 %s 파괴 (%s)
STR_STAT_UNIT_LOST,%s %s %s killed in action (%s),%s %s %s 임무 수행중 사망 (%s)

STR_KILLED_BY,%s (%s %d) was killed by %s,"%s (%s %d)사망, %s가 죽임"
STR_KILLED,%s (%s %d) was killed,%s (%s %d) 사망

COMMENT,Waypoints,웨이포인트
STR_AC_MOVE,MOVE,이동
STR_AC_DESTROY,DESTROY,파괴
STR_AC_GETIN,GET IN,탑승
STR_AC_SEEKANDDESTROY,SEEK AND DESTROY,수색 및 파괴
STR_AC_JOIN,JOIN,합류
STR_AC_LEADER,JOIN AND LEAD,합류 및 지휘
STR_AC_GETOUT,GET OUT,탈출
STR_AC_CYCLE,CYCLE,사이클
STR_AC_LOAD,LOAD,적재
STR_AC_UNLOAD,UNLOAD,적하
STR_AC_TRANSPORTUNLOAD,TRANSPORT UNLOAD,수송 적하
STR_AC_HOLD,HOLD,점유
STR_AC_SENTRY,SENTRY,보초
STR_AC_GUARD,GUARD,경비
STR_AC_TALK,TALK,대화
STR_AC_SCRIPTED,SCRIPTED,스크립된
STR_AC_SUPPORT,SUPPORT,지원
STR_AC_AND,AND,그리고
STR_AC_OR,OR,또는

STR_SYNC_WAITING,WAIT FOR OTHERS,대기

STR_SPECIAL_NONE,None,없음
STR_SPECIAL_CARGO,In Cargo,화물칸 안에
STR_SPECIAL_FLYING,Flying,비행중
STR_SPECIAL_FORM,In Formation,대열 내

STR_AGE_ACTUAL,Actual,현재
STR_AGE_5MIN,5 Minutes,5분
STR_AGE_10MIN,10 Minutes,10분
STR_AGE_15MIN,15 Minutes,15분
STR_AGE_30MIN,30 Minutes,30분
STR_AGE_60MIN,1 Hour,1시간
STR_AGE_120MIN,2 Hours,2시간
STR_AGE_UNKNOWN,Unknown,알수 없음

STR_SENSORACTIV_NONE,None,없음
STR_SENSORACTIV_ANYBODY,Anybody,누구든지
STR_SENSORACTIV_ALPHA,Radio Alpha,라디오 알파
STR_SENSORACTIV_BRAVO,Radio Bravo,라디오 브라보
STR_SENSORACTIV_CHARLIE,Radio Charlie,라디오 찰리
STR_SENSORACTIV_DELTA,Radio Delta,라디오 델타
STR_SENSORACTIV_ECHO,Radio Echo,라디오 에코
STR_SENSORACTIV_FOXTROT,Radio Foxtrot,라디오 폭스트롯
STR_SENSORACTIV_GOLF,Radio Golf,라디오 골프
STR_SENSORACTIV_HOTEL,Radio Hotel,라디오 호텔
STR_SENSORACTIV_STATIC,Static object,정지된 표적
STR_SENSORACTIV_VEHICLE,Vehicle,차량
STR_SENSORACTIV_GROUP,Whole group,전분대
STR_SENSORACTIV_LEADER,Group leader,분대장
STR_SENSORACTIV_MEMBER,Any group member,분대원

STR_SENSORTYPE_NONE,None,없음
STR_SENSORTYPE_GUARD_EAST,Guarded by East,소련군이 점령하고 있음
STR_SENSORTYPE_GUARD_WEST,Guarded by West,나토군이 점령하고 있음
STR_SENSORTYPE_GUARD_GUERRILA,Guarded by Resistance,반란군이 점령하고 있음
STR_SENSORTYPE_SWITCH,Switch,스위치
STR_SENSORTYPE_END1,End #1,End #1
STR_SENSORTYPE_END2,End #2,End #2
STR_SENSORTYPE_END3,End #3,End #3
STR_SENSORTYPE_END4,End #4,End #4
STR_SENSORTYPE_END5,End #5,End #5
STR_SENSORTYPE_END6,End #6,End #6
STR_SENSORTYPE_LOOSE,Loose,해방

STR_SPEED_UNCHANGED,No change,변화 없음
STR_SPEED_LIMITED,Limited,제한
STR_SPEED_NORMAL,Normal,정상
STR_SPEED_FULL,Full,최대

STR_COMBAT_UNCHANGED,No change,변화 없음
STR_COMBAT_CARELESS,Careless,부주의
STR_COMBAT_SAFE,Safe,안전
STR_COMBAT_AWARE,Aware,주의
STR_COMBAT_COMBAT,Combat,전투
STR_COMBAT_STEALTH,Stealth,엄폐

COMMENT,Main map texts,메인 지도 텍스트  :  
STR_MM_UNITS,UNITS:,유닛  :  
STR_MM_POSITION,POSITION %s,포지션(POSITION) %s
STR_MM_LOCATION,LOCATION %s,위치(LOCATION) %s
STR_MM_CHECKPOINT,CHECKPOINT,검문소
STR_MM_NORMAL, - %s, - %s
STR_MM_AWAY, - %s (Away), - %s (부재)
STR_MM_CARGO, - %s (in Cargo), - %s (화물칸)
STR_MM_LEADERAWAY,%s (Away),%s (부재)

COMMENT,Camera effects,카메라 효과
STR_CAMEFFECT_NONE,NONE,없음
STR_CAMEFFECT_STATIC,STATIC,정지
STR_CAMEFFECT_TRACKING,STATIC WITH ZOOM,확대된 상태로 정지
STR_CAMEFFECT_FOLLOW_NEAR,FOLLOW 1,따라가기 1
STR_CAMEFFECT_FOLLOW_FAR,FOLLOW 2,따라가기 2
STR_CAMEFFECT_EXTERNAL,EXTERNAL 1,외부 1
STR_CAMEFFECT_EXTERNAL_FIX,EXTERNAL 2,외부 2
STR_CAMEFFECT_ALIGNED,ALIGNED,정렬
STR_CAMEFFECT_ZOOMIN,ZOOM IN,확대된 상태로 정지
STR_CAMEFFECT_ZOOMOUT,ZOOM OUT,축소
STR_CAMEFFECT_BOOMANDZOOM,BOOM AND ZOOM,걸침대에 올리고 확대
STR_CAMEFFECT_TRANSITION,TRANSITION,변환
STR_CAMEFFECT_TERMINATE,TERMINATE,종결

STR_CAMEFFECT_TOP,TOP,상단
STR_CAMEFFECT_LEFT,LEFT,좌측 전방
STR_CAMEFFECT_RIGHT,RIGHT,우측
STR_CAMEFFECT_FRONT,FRONT,전방
STR_CAMEFFECT_BACK,BACK,후방
STR_CAMEFFECT_LEFTFRONT,LEFT FRONT,좌측 전방
STR_CAMEFFECT_RIGHTFRONT,RIGHT FRONT,우측 전방
STR_CAMEFFECT_LEFTBACK,LEFT BACK,좌측 후방
STR_CAMEFFECT_RIGHTBACK,RIGHT BACK,우측 후방
STR_CAMEFFECT_LEFTTOP,LEFT TOP,좌측 상단
STR_CAMEFFECT_RIGHTTOP,RIGHT TOP,우측 상단
STR_CAMEFFECT_FRONTTOP,FRONT TOP,전방 상단
STR_CAMEFFECT_BACKTOP,BACK TOP,후방 상단
STR_CAMEFFECT_BOTTOM,BOTTOM,하단

STR_TITTYPE_NONE,NONE,NONE
STR_TITTYPE_OBJECT,OBJECT,OBJECT
STR_TITTYPE_RESOURCE,RESOURCE,RESOURCE
STR_TITTYPE_TEXT,TEXT,TEXT

STR_TITEFFECT_PLAIN,PLAIN,보통
STR_TITEFFECT_PLAIN_DOWN,BOTTOM,바닥
STR_TITEFFECT_BLACK,BLACK,블랙
STR_TITEFFECT_BLACKFADED,BLACK FADED,색바랜 블랙
STR_TITEFFECT_BLACKOUT,BLACK OUT,블랙 아웃
STR_TITEFFECT_BLACKIN,BLACK IN,블랙 인
STR_TITEFFECT_WHITEOUT,WHITE OUT,화이트 아웃
STR_TITEFFECT_WHITEIN,WHITE IN,화이트 인

STR_SECTION_MISSION,Mission,미션
STR_SECTION_INTRO,Intro,인트로
STR_SECTION_OUTRO_WIN,Outro - win,아우트로 - 승리
STR_SECTION_OUTRO_LOOSE,Outro - loose,아우트로 - 패배
STR_SECTION_CUTSCENE,Cutscene #%d,커트장면 #%d

COMMENT,Errors in expressions,에러 발생
STR_EVAL_GEN,Generic error in expression,총칭적인 에러 발생
STR_EVAL_EXPO,Exponent out of range or invalid,범위 초과
STR_EVAL_NUM,Invalid number in expression,숫자 에러
STR_EVAL_VAR,Undefined variable in expression,정의되지 않은 변수
STR_EVAL_BAD_VAR,Reserved variable in expression,사용중인 변수
STR_EVAL_DIV_ZERO,Zero divisor,0 나눗수
STR_EVAL_TG90,Tangens of 90 degrees,90도의 탄젠트
STR_EVAL_OPENB,Missing (,( 없음
STR_EVAL_CLOSEB,Missing ),) 없음
STR_EVAL_EQU,Missing =,  = 없음
STR_EVAL_SEMICOLON,Missing ;,; 없음
STR_EVAL_OPER,Unknown operator %s,알수없는 연산자 %s
STR_EVAL_LINE_LONG,Line is too long,제한 초과
STR_EVAL_TYPE,"Type %s, expected %s","종류 %s, 예상 %s"
STR_EVAL_NAMESPACE,Local variable in global space,전 범위에 지역 변수 사용
STR_EVAL_DIM,"%d elements provided, %d expected","%d 요소가 있다면, %d 가 예상된다"

COMMENT,Types in expressions,표현상의 종류
STR_EVAL_TYPEANY,Any,임의
STR_EVAL_TYPESCALAR,Number,숫자
STR_EVAL_TYPEBOOL,Bool,Bool
STR_EVAL_TYPEARRAY,Array,정렬
STR_EVAL_TYPESTRING,String,문자열
STR_EVAL_TYPENOTHING,Nothing,아무것도 없음
STR_EVAL_TYPEOBJECT,Object,대상
STR_EVAL_TYPEVECTOR,Vector,벡터
STR_EVAL_TYPETRANS,Transformation,변환
STR_EVAL_TYPEORIENT,Orientation,방위
STR_EVAL_TYPESIDE,Side,소속
STR_EVAL_TYPEGROUP,Group,그룹

COMMENT,Title texts,Title texts
STR_TIT_BOH_INT,Bohemia Interactive Studio,Bohemia Interactive Studio
STR_TIT_PRESENTS,presents,presents
STR_TIT_AGAMEBY,a game by,a game by
STR_TIT_PRODUCER,Directed by,Directed by
STR_TIT_LEAD_PROGRAM,Lead Programmer,Lead Programmer
STR_TIT_ADD_PROGRAM,AI Programmer,AI Programmer
STR_TIT_LEAD_GRAPHICS,Lead Artist,Lead Artist
STR_TIT_ADD_GRAPHICS,The Team,The Team

STR_TIT_MAREK_S,Marek ?pan?l,Marek ?an?
STR_TIT_ONDRA_S,Ond?ej ?pan?l,Ond?j ?an?
STR_TIT_JIRKA_M,Ji?? Martinek,Ji? Martinek
STR_TIT_HONZA_H,Jan Hovora,Jan Hovora
STR_TIT_PETR_P,Petr Pechar - Viktor Bocan - Vojt?ch Nov?k - Honza Kraml,Petr Pechar - Viktor Bocan - Vojt?h Nov? - Honza Kraml
STR_TIT_MICHAL_V,Michal Vondracek,Michal Vondracek

COMMENT,Strings in resources,Strings in resources
COMMENT,General items,일반 아이템
STR_DISP_OK,OK,확인
STR_DISP_CANCEL,Cancel,취소
STR_DISP_CLOSE,Close,종료
STR_DISP_DEFAULT,Default,기본
STR_DISP_NEW,New,새로운 아이템
STR_DISP_DELETE,Delete,삭제
STR_DISP_EDIT,Edit,편집
STR_DISP_CONTINUE,Continue,계속
STR_DISP_ERROR,ERROR - replace,에러-수정

COMMENT,Main display,메인 디스플레이
STR_DISP_MAIN_GAME,CAMPAIGN GAME,캠페인 게임
STR_DISP_MAIN_OPTIONS,OPTIONS,옵션
STR_DISP_MAIN_SINGLE,SINGLE MISSION,싱글 미션
STR_DISP_MAIN_CUSTOM,MISSION EDITOR,미션 에디터
STR_DISP_MAIN_MULTI,MULTIPLAYER,멀티플레이
STR_DISP_MAIN_QUIT,QUIT GAME,게임 끝내기
STR_DISP_MAIN_CREDITS,Credits,Credits
STR_DISP_MAIN_ARCADE,Debug arcade,아케이드 디버그
STR_DISP_MAIN_CONTINUE,CONTINUE,계속
STR_DISP_MAIN_DESIGN,ALL MISSIONS (FOR DESIGNERS),모든 미션 (디자이너 용)

STR_DISP_MAIN_SAVE,Testing save,테스팅 저장
STR_DISP_MAIN_LOAD,Testing load,테스팅 불러오기

COMMENT,Single mission display,싱글 미션 디스플레이
STR_DISP_SINGLE_TITLE,Single missions,싱글 미션

COMMENT,Game display,게임 디스플레이
STR_DISP_GAME_SELECT,Select the game:,게임 선택  :  
STR_DISP_GAME_NEW,New game,새 게임
STR_DISP_GAME_NAME,Name:,이름  :  
STR_DISP_GAME_SIDE,Choose side:,진영 선택  :  
STR_DISP_GAME_WEST,West,나토군
STR_DISP_GAME_EAST,East,소련군
STR_DISP_GAME_GUERRILA,Resistance,저항군

COMMENT,Custom game display,사용자 정의 게임 디스플레이
STR_DISP_CUST_PLAY,Play,플레이
STR_CUST_EDIT,Edit,편집
STR_CUST_NEW,New,새 게임

COMMENT,Campaign display,캠페인 디스플레이
STR_DISP_CAMPAIGN_REPLAY,Replay mission,재시작
STR_DISP_CAMPAIGN_FLASHPOINT,FLASHPOINT,FLASHPOINT
STR_DISP_CAMPAIGN_CONTENTS,Contents:,차례  :  

COMMENT,Arcade game display,아케이드 게임 디스플레이
STR_DISP_GAME_ARCADE,Arcade game,아케이드 개임

COMMENT,Options display,옵션 디스플레이
STR_DISP_OPTIONS_TITLE,Options,옵션
STR_DISP_OPTIONS_VIDEO,Video options,비디오 옵션
STR_DISP_OPTIONS_AUDIO,Audio options,오디오 옵션
STR_DISP_OPTIONS_CONFIGURE,Controls,키 조정
STR_DISP_OPTIONS_DIFFICULTY,Difficulty,난이도

STR_DISP_OPT_VISUALS,Visuals,비쥬얼
STR_DISP_OPT_QUALITY,Visual quality:,화질  :  
STR_DISP_OPT_VISIBILITY,Visibility:,가시도  :  
STR_DISP_OPT_FRAMERATE,Frame rate:,프레임 레이트  :  
STR_DISP_OPT_TEXTURES,Texture resolution,텍스쳐 해상도
STR_DISP_OPT_GAMMA,Gamma correction:,감마 교정  :  
STR_DISP_OPT_BRIGHT,Brightness:,밝기  :  
STR_DISP_OPT_RESOLUTION,Resolution:,해상도  :  
STR_DISP_OPT_REFRESH,Refresh rate:,리프레쉬 속도  :  
STR_DISP_OPT_OBJSHADOWS,Object shadows:,사물 그림자  :  
STR_DISP_OPT_VEHSHADOWS,Vehicle shadows:,차량 그림자  :  
STR_DISP_OPT_CLOUDLETS,Cloudlets:,잔 구름  :  
STR_DISP_OPT_HWTL,Hardware T&L:,하드웨어 T&L  :  

STR_DISP_OPT_VOLUMES,Volume,볼륨
STR_DISP_OPT_MUSIC,Music:,음악  :  
STR_DISP_OPT_EFFECTS,Effects:,효과음  :  
STR_DISP_OPT_VOICES,Radio:,무전기  :  
STR_DISP_OPT_SAMPLING,Sampling rate:,샘플링 속도  :  
STR_DISP_OPT_HWACC,Hardware acceleration:,하드웨어 가속도  :  
STR_DISP_OPT_EAX,EAX:,EAX  :  
STR_DISP_OPT_SINGLE_VOICE,Voices:,목소리  :  

COMMENT,Configuration display,구성 디스플레이  :  
STR_DISP_CONF_NAME,Name,이름
STR_DISP_CONF_KEYS,Keys,키
STR_DISP_CONF_RES,"Reserved keys: Esc, F1..F12, 1..0, Backspace","이미 사용중인 키  :   Esc, F1..F12, 1..0, Backspace"
STR_DISP_CONF_SENS,Mouse sensitivity,마우스 민감도
STR_DISP_CONF_XAXIS,X Axis,X 축
STR_DISP_CONF_YAXIS,Y Axis,Y 축
STR_DISP_CONF_MOUSE_BUTTON,Primary mouse button:,주 마우스 버튼  :  

COMMENT,Difficulty display,난이도 디스플레이
STR_DISP_DIFF_NAME,Name,이름
STR_DISP_DIFF_CADET,Cadet,훈련병
STR_DISP_DIFF_VETERAN,Veteran,베테랑

COMMENT,Multiplayer display,멀티플레이어 디스플레이
STR_DISP_MULTI_NEW,New,새 게임
STR_DISP_MULTI_JOIN,Join,접속
STR_DISP_MULTI_SESSIONS,Active sessions:,진행중인 게임 : 

STR_DISP_PASSWORD_TITLE,Password,패스워드
STR_DISP_PASSWORD,Password:,패스워드 : 

STR_DISP_IP_TITLE,Server IP Address,서버 IP주소
STR_DISP_IP_ADDRESS,Address:,주소 : 

STR_DISP_SERVER_TITLE,Create game,게임 만들기
STR_DISP_SERVER_ISLAND,Island:,섬 : 
STR_DISP_SERVER_MISSION,Mission:,미션 : 
STR_DISP_SERVER_EDITOR,Editor,편집기

STR_DISP_CLIENT_TEXT,Wait for server,대기하십시오

STR_DISP_SRVSETUP_TITLE,Server setup,서버 셋업
STR_DISP_CLISETUP_TITLE,Client setup,클라이언트 셋업
STR_DISP_SRVSETUP_PLAYERS,Players,플레이어
STR_DISP_SRVSETUP_UNITS,Units,대원
STR_DISP_SRVSETUP_ISLAND,Island:,섬 : 
STR_DISP_SRVSETUP_NAME,Mission:,미션 : 
STR_DISP_SRVSETUP_DESC,Description:,상세사항 : 
STR_DISP_SRVSETUP_ASSIGN,Assign,선정
STR_DISP_SRVSETUP_UNASSIGN,Unassign,해제
STR_DISP_SRVSETUP_RANDOM,Random,랜덤

STR_DISP_SRVSIDE_POOL,Pool:,풀 : 
STR_DISP_SRVSIDE_WEST,West:,나토군 : 
STR_DISP_SRVSIDE_EAST,East:,소련군 : 
STR_DISP_SRVSIDE_RESIST,Resistance:,레지스탕스 : 
STR_DISP_SRVSIDE_CIVIL,Civilians:,민간인 : 

STR_DISP_MPROLE_ROLES,Roles:,역할 : 

STR_DISP_SERVER_READY,Start game,게임 시작
STR_DISP_CLIENT_READY,I'm ready,준비완료

STR_DISP_CLIENT_WAIT_TEXT,"Game in progress, wait please",게임이 진행중입니다. 기다려주십시오.

STR_DISP_MP_PLAYERS,Players:,플레이어 : 
STR_DISP_MP_PLAYERS_TITLE,Players,플레이어
STR_DISP_MP_PL,Player:,플레이어 : 
STR_DISP_MP_PL_NAME,Name:,이름 : 
STR_DISP_MP_PL_MAIL,E-mail:,E-mail : 
STR_DISP_MP_PL_ICQ,ICQ:,ICQ : 
STR_DISP_MP_PL_REMARK,Remark:,비고 : 
STR_DISP_MP_SQ,Squad:,분대 : 
STR_DISP_MP_SQ_NAME,Name:,이름 : 
STR_DISP_MP_SQ_ID,Id:,Id : 
STR_DISP_MP_SQ_MAIL,E-mail:,E-mail : 
STR_DISP_MP_SQ_WEB,Web:,Web : 
STR_DISP_MP_SQ_PICTURE,Picture:,사진 : 
STR_DISP_MP_SQ_TITLE,Title:,제목 : 

COMMENT,Testing save display,테스팅 저장 디스플레이
STR_DISP_SAVE_NAME,Testing,테스팅  

COMMENT,Briefing display,보고 디스플레이
STR_DISP_BRIEF_TITLE,Mission briefing,미션 보고
IDS_LOADING,Receiving mission status,미션 상황 접수중

COMMENT,Start of turn display,회전 디스플레이 시작
STR_DISP_TURN_TITLE,Turn,회전

COMMENT,Total win display,전체 승리 디스플레이
STR_DISP_WIN_TITLE,TESTING SCREEN-PRESS CONTINUE TO CONTINUE,시험 화면- 계속하기 위해서 CONTINUE를 누르십시오.

COMMENT,Total loss display,전체 패배 디스플레이
STR_DISP_LOSS_TITLE,CONTINUE,계속

COMMENT,Get ready display,준비 디스플레이
STR_DISP_STAT_KILLED,DESTROYED,파괴되었습니다
STR_DISP_STAT_BY_YOU,BY YOU,당신에 의해
STR_DISP_STAT_BY_GRP,BY YOUR GROUP,당신의 그룹에 의해
STR_DISP_STAT_TOTAL,TOTAL,토탈

STR_DISP_BRIEFING,Briefing,상황보고
STR_DISP_DEBRIEFING,Debriefing,결과보고
STR_DISP_DEBRIEFING_RESTART,Restart,재시작

COMMENT,Player killed display,플레이어 전사 디스플레이
STR_DISP_KILL_TITLE,YOU ARE KILLED,전사하였습니다.
STR_DISP_KILL_RETRY,Retry,재시작
STR_DISP_KILL_CONTINUE,Continue,계속

COMMENT,Select island display,섬 선택 화면
STR_DISP_MISSION_EDITOR,Mission editor,미션 에디터
STR_DISP_SELECT_ISLAND,Select island,섬 선택

COMMENT,Custom arcade display,사용자 정의 아케이드 디스플레이
STR_DISP_ARCMAP_INTEL,Intel,정보
STR_DISP_ARCMAP_LOAD,Load,불러오기
STR_DISP_ARCMAP_MERGE,Merge,합치기
STR_DISP_ARCMAP_SAVE,Save,저장
STR_DISP_ARCMAP_CLEAR,Clear,삭제
STR_DISP_ARCMAP_ADD_SECTION,Add cutscene,커트장면 추가
STR_DISP_ARCMAP_PREVIEW,Preview,미리보기
STR_DISP_ARCMAP_CONTINUE,Continue,계속
STR_DISP_ARCMAP_UNITS,Units (F1),대원 (F1)
STR_DISP_ARCMAP_GROUPS,Groups (F2),분대 (F2)
STR_DISP_ARCMAP_SENSORS,Triggers (F3),방아쇠 (F3)
STR_DISP_ARCMAP_WAYPOINTS,Waypoints (F4),웨이포인트 (F4)
STR_DISP_ARCMAP_SYNCHRONIZE,Synchronize (F5),일치시키기 (F5)
STR_DISP_ARCMAP_MARKERS,Markers (F6),마커 (F6)
STR_DISP_ARCMAP_EXIT,Exit,나가기

STR_DISP_ARCUNIT_SIDE,Side:,소속 : 
STR_DISP_ARCUNIT_CLASS,Class:,등급 : 
STR_DISP_ARCUNIT_VEHICLE,Unit:,부대 : 
STR_DISP_ARCUNIT_RANK,Rank:,계급 : 
STR_DISP_ARCUNIT_AZIMUT,Azimut:,방위 : 
STR_DISP_ARCUNIT_CTRL,Control:,조종 : 
STR_DISP_ARCUNIT_HEALTH,Health/armor,건강/장갑
STR_DISP_ARCUNIT_FUEL,Fuel,연료
STR_DISP_ARCUNIT_AMMO,Ammunition,탄약
STR_DISP_ARCUNIT_SPECIAL,Special:,특수 : 
STR_DISP_ARCUNIT_AGE,Info age:,나이 정보 : 
STR_DISP_ARCUNIT_PLACE,Placement radius:,배치 반경 : 
STR_DISP_ARCUNIT_PRESENCE,Probability of presence:,실존 가능성 : 
STR_DISP_ARCUNIT_PRESENCE_COND,Condition of presence:,실존 상황 : 
STR_DISP_ARCUNIT_TEXT,Name:,이름 : 
STR_DISP_ARCUNIT_LOCK,Vehicle lock:,차량 고정 : 
STR_DISP_ARCUNIT_INIT,Initialization:,초기화 : 
STR_DISP_ARCUNIT_SKILL,Skill:,기술 : 

STR_DISP_ARCGRP_TITLE,Insert group,그룹 집어넣기
STR_DISP_ARCGRP_SIDE,Side:,소속 : 
STR_DISP_ARCGRP_TYPE,Type:,종류 : 
STR_DISP_ARCGRP_NAME,Name:,이름 : 

STR_DISP_ARCWP_TYPE,Select type:,종류 선택 : 
STR_DISP_ARCWP_SEQ,Waypoint order:,웨이포인트 명령 : 
STR_DISP_ARCWP_DESC,Description:,상세사항 : 
STR_DISP_ARCWP_SEMAPHORE,Combat mode:,전투 모드 : 
STR_DISP_ARCWP_FORM,Formation:,대열 : 
STR_DISP_ARCWP_SPEED,Speed:,속도 : 
STR_DISP_ARCWP_COMBAT,Behaviour:,행동 : 
STR_DISP_ARCWP_PLACE,Placement radius:,배치 반경 : 
STR_DISP_ARCWP_EFFECTS,Effects,효과
STR_DISP_ARCWP_TIMEOUT,Timeout,시간초과
STR_DISP_ARCWP_TIMEOUT_MIN,Min:,최소 : 
STR_DISP_ARCWP_TIMEOUT_MAX,Max:,최대 : 
STR_DISP_ARCWP_TIMEOUT_MID,Mid:,중간 : 
STR_DISP_ARCWP_HOUSEPOS,Position in house:,주택 내 위치 : 
STR_DISP_ARCWP_EXPACTIV,On Activation:,활성화시 : 
STR_DISP_ARCWP_EXPCOND,Condition:,상태 : 
STR_DISP_ARCWP_SHOW_NEVER,Never show,안 보여주기
STR_DISP_ARCWP_SHOW_EASY,Show in cadet mode,훈령병 모드에서 보여주기
STR_DISP_ARCWP_SHOW_ALWAYS,Always show,항상 보여주기
STR_DISP_ARCWP_SCRIPT,Script:,스크립트 : 

STR_DISP_ARCEFF_TITLE,Edit effects,효과 편집
STR_DISP_ARCEFF_CAMERA,Camera:,카메라 : 
STR_DISP_ARCEFF_CAMTYPE,Effect:,효과 : 
STR_DISP_ARCEFF_CAMPOS,Position:,위치 : 
STR_DISP_ARCEFF_SOUNDS,Sounds:,사운드 : 
STR_DISP_ARCEFF_SOUND_ANON,Anonymous:,익명 : 
STR_DISP_ARCEFF_VOICE,Voice:,목소리 : 
STR_DISP_ARCEFF_MUSIC,Music:,음악 : 
STR_DISP_ARCEFF_SOUND_ENV,Environment:,환경 : 
STR_DISP_ARCEFF_SOUND_DET,Trigger:,트리거 : 
STR_DISP_ARCEFF_TRACK,Track:,트랙 : 
STR_DISP_ARCEFF_TITLES,Titles:,타이틀 : 
STR_DISP_ARCEFF_TITTYPE,Type:,종류 : 
STR_DISP_ARCEFF_TITEFF,Effect:,효과 : 
STR_DISP_ARCEFF_TITTEXT,Text:,텍스트 : 
STR_DISP_ARCEFF_ACTIVATION,Activation:,활성화 : 
STR_DISP_ARCEFF_EVERYBODY,Everybody,모두
STR_DISP_ARCEFF_PLAYERONLY,Player only,플레이어만

STR_DISP_ARCSENS_TITLE,Edit trigger,트리거 편집 : 
STR_DISP_ARCSENS_A,Axis a,a 축
STR_DISP_ARCSENS_B,Axis b,b 축
STR_DISP_ARCSENS_ANGLE,Angle,각도
STR_DISP_ARCSENS_ELLIPSE,Ellipse,타원
STR_DISP_ARCSENS_RECT,Rectangle,직사각형
STR_DISP_ARCSENS_ACTIV,Activation,활성화 
STR_DISP_ARCSENS_PRESYES,Present,존재
STR_DISP_ARCSENS_PRESNO,Not present,존재하지 않음
STR_DISP_ARCSENS_DETWEST,Detected by West,나토군에 탐지
STR_DISP_ARCSENS_DETEAST,Detected by East,소련군에 탐지
STR_DISP_ARCSENS_DETGUERRILA,Detected by Resistance,레지스탕스에 탐지
STR_DISP_ARCSENS_DETCIVILIAN,Detected by Civilians,민간인에 탐지
STR_DISP_ARCSENS_ONCE,Once,한번
STR_DISP_ARCSENS_REPEAT,Repeatedly,반복적으로
STR_DISP_ARCSENS_COUNTDOWN,Countdown,카운트다운
STR_DISP_ARCSENS_TIMEOUT,Timeout,시간초과
STR_DISP_ARCSENS_TIMEOUT_MIN,Min:,분 : 
STR_DISP_ARCSENS_TIMEOUT_MAX,Max:,최대 : 
STR_DISP_ARCSENS_TIMEOUT_MID,Mid:,최소 : 
STR_DISP_ARCSENS_TYPE,Type,종류
STR_DISP_ARCSENS_OBJECT,Object,목표
STR_DISP_ARCSENS_TEXT,Text,텍스트
STR_DISP_ARCSENS_EFFECTS,Effects,효과
STR_DISP_ARCSENS_EXPCOND,Condition,상태
STR_DISP_ARCSENS_EXPACTIV,On Activation,활성화시
STR_DISP_ARCSENS_EXPDESACTIV,On Deactivation,비활성화시
STR_DISP_ARCSENS_NAME,Name:,이름 : 

STR_DISP_ARCMARK_NAME,Name:,이름 : 
STR_DISP_ARCMARK_COLOR,Color:,색상 : 
STR_DISP_ARCMARK_ICON,Icon,아이콘
STR_DISP_ARCMARK_RECT,Rectangle,직사각형
STR_DISP_ARCMARK_ELLIPSE,Ellipse,타원
STR_DISP_ARCMARK_A,Axis a,a 축
STR_DISP_ARCMARK_B,Axis b,b 축
STR_DISP_ARCMARK_ANGLE,Angle:,각도 : 
STR_DISP_ARCMARK_TEXT,Text:,텍스트 : 

STR_DISP_TEMPL_SAVE,Save mission,미션 저장
STR_DISP_TEMPL_LOAD,Load mission,미션 불러오기
STR_DISP_TEMPL_NAME,Mission name:,미션명 : 
STR_DISP_TEMPL_MODE,Save as:,다른 이름으로 저장 : 
STR_DISP_TEMPL_ISLAND,Island:,섬 : 

STR_DISP_INTEL_TITLE,Intel,정보
STR_DISP_INTEL_WEATHER,Weather,기상
STR_DISP_INTEL_FORECAST,Forecast,예보
STR_DISP_INTEL_DATE,Date:,일자 : 
STR_DISP_INTEL_TIME,Time:,시간 : 
STR_DISP_INTEL_BRIEFING,Briefing,보고
STR_DISP_INTEL_NAME,Name:,이름 : 
STR_DISP_INTEL_DESC,Description:,세부사항 : 
STR_DISP_INTEL_RESISTANCE,Resistance friendly to,에 우호적인 레지스탕스
STR_DISP_INTEL_NONE_FRIENDLY,Nobody,아무도 없음
STR_DISP_INTEL_WEST_FRIENDLY,West,나토군
STR_DISP_INTEL_EAST_FRIENDLY,East,소련군
STR_DISP_INTEL_BOTH_FRIENDLY,Everybody,모두

STR_DISP_GR_WAYPOINTS,Waypoints (F1),웨이포인트 (F1)
STR_DISP_GR_SYNCHRONIZE,Synchronize (F2),일치시키기 (F2)

COMMENT,Player login display,플레이어 로그인 디스플레이
STR_DISP_LOGIN_TITLE,Select player,플레이어 선택
STR_DISP_LOGIN_USER,Players:,플레이어 : 

STR_DISP_NEW_USER_NAME,Player name:,플레이어 이름 : 
STR_DISP_NEW_USER_FACE,Face:,얼굴 : 
STR_DISP_NEW_USER_GLASSES,Glasses:,안경 : 
STR_DISP_NEW_USER_SPEAKER,Speaker:,목소리 : 
STR_DISP_NEW_USER_PITCH,Pitch:,음조 : 
STR_DISP_NEW_USER_SQUAD,Squad URL:,분대 URL : 

COMMENT,Chat display,채팅 디스플레이
STR_DISP_CHAT_TITLE,Chat,채팅
STR_DISP_CHAT_SEND,Send,보내기

COMMENT,Interrupt display,인터럽트 디스플레이
STR_DISP_INT_TITLE,Paused,멈춤
STR_DISP_INT_ABORT,Abort,끝내기
STR_DISP_INT_CONTINUE,Continue,계속
STR_DISP_INT_OPTIONS,Options,옵션
STR_DISP_INT_LOAD,Load,불러오기
STR_DISP_INT_SAVE,Save,저장
STR_DISP_INT_RETRY,Retry,재시작

COMMENT,Mission end display,미션 종결 디스플레이
STR_DISP_ME_ABORT,End,끝내기
STR_DISP_ME_RETRY,Retry,재시작
STR_DISP_ME_LOAD,Load,불러오기

COMMENT,HintC display,힌트C 디스플레이
STR_DISP_HINTC_CONTINUE,Continue,계속

COMMENT,Menu commands,메뉴 커맨드
STR_REPLY,Reply,응답
STR_MENU_STATUS,Status,상태
STR_REPLY_MENU,Reply,응답
STR_REPLY_DONE,Done,완료
STR_REPLY_FAIL,Fail,실패
STR_REPLY_COPY,Copy,알았다
STR_REPLY_REPEAT,Repeat,반복하라
STR_REPLY_WHERE_ARE_YOU,Where Are You?,현재 위치는?
STR_REPLY_ENGAGING,Attacking,공격중
STR_REPLY_UNDER_FIRE,I'm under fire,공격을 받고 있다
STR_REPLY_HIT,I'm hit,맞았다.
STR_REPLY_ONE_LESS,One Less,한명 제거
STR_REPLY_FIREREADY,Ready to fire,사격 준비 완료
STR_REPLY_FIRENOTREADY,Cannot fire,사격 불가
STR_REPLY_KILLED,... is down,... (이)가 쓰러졌다
STR_REPLY_INJURED,Injured,부상
STR_REPLY_FUEL_LOW,Fuel low,연료 부족
STR_REPLY_AMMO_LOW,Ammo low,탄약 부족

STR_CALL_SUPPORT,Call support,지원 요청
STR_SUPPORT_MENU,Call support,지원 요청
STR_SUPPORT_MEDIC,Medic,의무병
STR_SUPPORT_REPAIR,Repair truck,수리 트럭
STR_SUPPORT_REARM,Rearm truck,탄약 트럭
STR_SUPPORT_REFUEL,Refuel truck,연료 트럭
STR_SUPPORT_DONE,Done,완료

STR_COMMAND,Command,명령
STR_MOVE_OTHER,Other,기타
STR_MOVE_DIR,Move Direction,이동 방향
STR_WATCH_DIR,Watch Direction,시야 방향
STR_MOVE_N,N,북
STR_MOVE_NE,NE,동북
STR_MOVE_E,E,동북
STR_MOVE_SE,SE,동남
STR_MOVE_S,S,남
STR_MOVE_SW,SW,남서
STR_MOVE_W,W,서
STR_MOVE_NW,NW,북서
STR_MOVE_DIST,Move Distance,이동 거리
STR_MOVE_50,50 m,50 m
STR_MOVE_100,100 m,100 m
STR_MOVE_200,200 m,200 m
STR_MOVE_500,500 m,500 m
STR_MOVE_1000,1 km,1 km
STR_MOVE_2000,2 km,2 km
STR_TEAM,Team,팀
STR_TEAM_MAIN,White,화이트
STR_TEAM_RED,Red,레드
STR_TEAM_GREEN,Green,그린
STR_TEAM_BLUE,Blue,블루
STR_TEAM_YELLOW,Yellow,옐로우
STR_ASSIGN,Assign,할당
STR_ASSIGN_MAIN,Assign White,화이트 할당
STR_ASSIGN_RED,Assign Red,레드 할당
STR_ASSIGN_GREEN,Assign Green,그린 할당
STR_ASSIGN_BLUE,Assign Blue,블루 할당
STR_ASSIGN_YELLOW,Assign Yellow,옐로우 할당
STR_FORMATION,Formation,대열
STR_STATUS,Status,상태
COMMENT,STR_MENU_TANK,STR_MENU_TANK
STR_MENU_TARGET,Target,표적

STR_WATCH_TARGET,Target,표적
STR_LOOK_AROUND,Scan horizon,지평선 조사

STR_HIDE_MENU,Hide menu,매뉴 숨기기
STR_CANCEL_MENU,,
STR_MORE_MENU,More,추가 보기
STR_TARGET_MENU,%s at %d o'clock,"%s, %d시 방향"
STR_TARGET_MENU_SENSOR,"%s, %d at %d o'clock","%s, %d, %d시 방향"
STR_TARGET_MENU_GROUP,"%s, %s (%d)","%s, %s (%d)"

STR_GETIN_POS,Where,어디
STR_GETIN_POS_ANY,Anywhere,어디든지
STR_GETIN_POS_DRIVER,Driver,조종수
STR_GETIN_POS_PILOT,Pilot,파일럿
STR_GETIN_POS_COMM,Commander,지휘관
STR_GETIN_POS_GUNN,Gunner,사격수
STR_GETIN_POS_CARGO,Ride in back,뒤에 탑승

COMMENT,STR_TANK_NEXTWP,STR_TANK_NEXTWP
COMMENT,STR_TANK_MANUAL,STR_TANK_MANUAL
COMMENT,STR_TANK_COMMAND,STR_TANK_COMMAND

COMMENT,Status submenu,상태 하위메뉴

STR_REPORT,Report Status,상태 보고

COMMENT,STR_ANS_MIS_FAIL,STR_ANS_MIS_FAIL
COMMENT,STR_PREV_WAYPOINT,STR_PREV_WAYPOINT
COMMENT,STR_NEXT_WAYPOINT,STR_NEXT_WAYPOINT

COMMENT,Progress bar,Progress bar

STR_LOAD_INIT,The countdown begins...,카운트다운 시작...
STR_LOAD_WORLD,Receiving...,로딩중....
STR_LOAD_MISSION,Get ready...,준비...
STR_LOAD_INTRO,Wait a moment...,대기...
STR_LOAD_GAME,Receiving mission status...,미션 상태 수신중....
STR_SAVE_GAME,Saving mission status...,미션 상태 저장중....
STR_AUTOSAVE_GAME,Updating retry position...,재시작 위치 업데이트 중...
STR_WAIT_NETWORK,Waiting for opponent...,상대방 기다리는중....
STR_NETWORK_SEND,Sending data...,데이터 송신중...
STR_NETWORK_RECEIVE,Receiving data...,데이터 로딩중...
STR_NETWORK_RECEIVE_MISSION,Receiving mission file (%d KB / %d KB),미션 파일 로딩중 (%d KB / %d KB)
STR_CREATE_SERVER,Creating server...,서버 구성중..
STR_CREATE_CLIENT,Creating client...,클라이언트 구성중..
STR_SHUTDOWN,Shutdown...,종료...

COMMENT,Radio protocol,무전기 프로토콜
STR_WORD_ALL,ALL,전원
STR_WORD_ALLGROUP,GROUP,그룹
STR_WORD_ENEMY,ENEMY,적군
STR_WORD_FRIENDLY,FRIENDLY,아군
STR_WORD_NEUTRAL,NEUTRAL,중립군
STR_WORD_UNKNOWN,UNKNOWN,미상
STR_WORD_TEAM_MAIN,WHITE,화이트 팀
STR_WORD_TEAM_RED,TEAM RED,레드 팀
STR_WORD_TEAM_GREEN,TEAM GREEN,그린 팀
STR_WORD_TEAM_BLUE,TEAM BLUE,블루 팀
STR_WORD_TEAM_YELLOW,TEAM YELLOW,옐로우 팀

STR_WORD_AT1,1 O'CLOCK,1시 방향
STR_WORD_AT2,2 O'CLOCK,2시 방향
STR_WORD_AT3,3 O'CLOCK,3시 방향
STR_WORD_AT4,4 O'CLOCK,4시 방향
STR_WORD_AT5,5 O'CLOCK,5시 방향
STR_WORD_AT6,6 O'CLOCK,6시 방향
STR_WORD_AT7,7 O'CLOCK,7기 방향
STR_WORD_AT8,8 O'CLOCK,8시 방향
STR_WORD_AT9,9 O'CLOCK,9시 방향
STR_WORD_AT10,10 O'CLOCK,10시 방향
STR_WORD_AT11,11 O'CLOCK,11시 방향
STR_WORD_AT12,12 O'CLOCK,12시 방향

STR_WORD_DIST50,50,50
STR_WORD_DIST100,100,100
STR_WORD_DIST200,200,200
STR_WORD_DIST500,500,500
STR_WORD_DIST1000,1000,1000
STR_WORD_DIST2000,2000,2000
STR_WORD_DISTFAR,Very Far,매우 멀리

STR_1_TO_LEADER,1 TO LEADER,1 에서 리더에게
STR_2_TO_LEADER,2 TO LEADER,2 에서 리더에게
STR_3_TO_LEADER,3 TO LEADER,3 에서 리더에게
STR_4_TO_LEADER,4 TO LEADER,4 에서 리더에게
STR_5_TO_LEADER,5 TO LEADER,5 에서 리더에게
STR_6_TO_LEADER,6 TO LEADER,6 에서 리더에게
STR_7_TO_LEADER,7 TO LEADER,7 에서 리더에게
STR_8_TO_LEADER,8 TO LEADER,8 에서 리더에게
STR_9_TO_LEADER,9 TO LEADER,9 에서 리더에게
STR_10_TO_LEADER,10 TO LEADER,10 에서 리더에게
STR_11_TO_LEADER,11 TO LEADER,11 에서 리더에게
STR_12_TO_LEADER,12 TO LEADER,12 에서 리더에게

COMMENT,Vehicle's display names,차량 디스플레이 명칭
STR_DN_UNKNOWN,Unknown,정체불명의
STR_DN_VEHICLE,Vehicle,차량
STR_DN_CAR,Car,차량
STR_DN_TANK,Tank,전차
STR_DN_APC,APC,병력 수송 장갑차
STR_DN_MAN,Man,사람
STR_DN_MAN2,Man 2,사람 2
STR_DN_MAN3,Man 3,사람 3
STR_DN_CIVILIAN,Civilian,민간인
STR_DN_SOLDIER,Soldier,병사
STR_DN_SOLDIERFAKE,Soldier (E. uniform),병사 (소련군. 군복)
STR_DN_ESOLDIERFAKE,Soldier (W. uniform),병사 (나토군. 군복)
STR_DN_CIVILFAKE,Soldier (Civil),병사 (민간인)
STR_DN_SOLDIERCAPTIVE,Captive,포로
STR_DN_CREW,Crew,승무원
STR_DN_PILOT,Pilot,파일럿
STR_DN_LAW_SOLDIER,LAW Soldier,LAW 병
STR_DN_CG_SOLDIER,AT Soldier,AT병
STR_DN_AA_SOLDIER,AA Soldier,AA병
STR_DN_GRENADIER,Grenadier,유탄발사기사수
STR_DN_MEDIC,Medic,의무병
STR_DN_MGUNNER,Machine Gunner,기관총 사수
STR_DN_MORTAR,Mortar,총류탄사수
STR_DN_SNIPER,Sniper,저격수
STR_DN_AT4_SNIPER,AT Sniper,대전차 저격수
STR_DN_SABOTEUR,Saboteur,특수부대
STR_DN_SABOTEURDAY,Saboteur (day),특수부대(낮)
STR_DN_PIPE_SABOTEUR,Saboteur (pipe bomb),특수(파이프 폭탄)
STR_DN_MINER,Miner,지뢰 공병
STR_DN_GENERAL,General,장군
STR_DN_ANGELINA,Angelina,안젤리나
STR_DN_HELICOPTER,Helicopter,헬기
STR_DN_PLANE,Plane,항공기
STR_DN_SHIP,Ship,함선
STR_DN_SMALL_SHIP,Small Ship,소형 함선
STR_DN_BIG_SHIP,Big Ship,대형 함선
STR_DN_JEEP,Jeep,지프
STR_DN_JEEP_MG,Jeep with Machine Gun,기관총 탑재 지프
STR_DN_ASTON,Sport Car,스포츠카
STR_DN_SKODA,Car,차량
STR_DN_SKODA_YELLOW,Car (yellow),승용차(노란색)
STR_DN_SKODA_BLUE,Car (blue),승용차(파란색)
STR_DN_SKODA_RED,Car (red),승용차(빨간색)
STR_DN_SKODA_GREEN,Car (green),승용차(초록색)
STR_DN_5T_TRUCK,5t Truck,5톤 트럭
STR_DN_5T_TRUCK_OPEN,5t Truck Open,5톤 트럭 개방형
STR_DN_REPAIT_TRUCK,Repair Truck,수리 트럭
STR_DN_REAMMO_TRUCK,Ammo Truck,탄약 트럭
STR_DN_REFUEL_TRUCK,Refuel Truck,연료 보급 트럭
STR_DN_OFFICER,Officer,장교
STR_DN_OFFICERNIGHT,Officer (night eq.),장교 (night eq.)
STR_DN_M1A1,M1A1,M1A1
STR_DN_M1A1_AUTO,M1A1 Auto,M1A1자동
STR_DN_M60,M60,M60
STR_DN_M113,M113,M113
STR_DN_M113_AMB,M113 Ambulance,M113 구급장갑차
STR_DN_M2_MG,M2 Machine Gun,M2 기관포
STR_DN_LST,LST,LST
STR_DN_MARK_II,Mark II PBR,Mark II PBR
STR_DN_MARK_II_AUTO,Mark II PBR Auto,Mark II PBR 자동
STR_DN_AH1,AH1,AH1
STR_DN_PARACHUTE,Parachute,낙하산
STR_DN_UH60,UH60,UH60
STR_DN_UH60_MG,UH60-MG,UH60-MG
STR_DN_A10,A10,A10
STR_DN_UAZ,UAZ,UAZ
STR_DN_URAL,Ural,Ural
STR_DN_URAL_REPAIR,Ural Repair,Ural 수리
STR_DN_URAL_AMMO,Ural Ammo,Ural 탄약
STR_DN_URAL_FUEL,Ural Fuel,Ural 연료
STR_DN_SCUD,Scud,Scud
STR_DN_RPG_SOLDIER,RPG Soldier,RPG 사수
STR_DN_AT4_SOLDIER,AT Soldier,AT 사수
STR_DN_BMP,BMP,BMP
STR_DN_BMP_AMB,BMP Ambulance,BMP 구급장갑차
STR_DN_T72,T72,T72
STR_DN_T80,T80,T80
STR_DN_T80_AUTO,T80 Auto,T80 자동
STR_DN_ZSU,Shilka,Shilka
STR_DN_MI24,Mi24,Mi24
STR_DN_MI17,Mi17,Mi17
STR_DN_BOAT,Boat,Boat
STR_DN_PV3S,PV3S,PV3S
STR_DN_PV3S_REPAIR,PV3S Repair,PV3S 수리
STR_DN_PV3S_AMMO,PV3S Ammo,PV3S 탄약
STR_DN_PV3S_FUEL,PV3S Fuel,PV3S 연료
STR_DN_PV3S_CIVIL,PV3S Civil,PV3S Civil
STR_DN_PAPER_CAR,Paper Car,Paper Car
STR_DN_UAZG,UAZG,UAZG
STR_DN_T55,T55,T55
STR_DN_BOFORS,Bofors,Bofors
STR_DN_BUNKER,Bunker,벙커
STR_DN_BUILDING,Building,건물
STR_DN_HOUSE,House,주택
STR_DN_TOWER,Tower,타워
STR_DN_TARGET,Target,표적
STR_DN_ARMORED_TARGET,Armored Target,장갑 표적
STR_DN_CHURCH,Church,교회
STR_DN_CHAPEL,Chapel,성당
STR_DN_HOSPITAL,Hospital,병원
STR_DN_FUEL_STATION,Fuel station,주유소
STR_DN_FUEL_STATION_2,Fuel station (2),주유소(2)
STR_DN_FUEL_STATION_3,Fuel station (3),주유소(3)
STR_DN_DEPOT,Depot,저장소
STR_DN_AMMO_DEPOT,Ammo Depot,탄약고
STR_DN_REPAIR_DEPOT,Repair Centre,센터 수리
STR_DN_LOGIC,Game Logic,게임 로직
STR_DN_FX_EXPLO_GROUND_1,FxExploGround1,FxExploGround1
STR_DN_FX_EXPLO_GROUND_2,FxExploGround2,FxExploGround2
STR_DN_FX_CARTRIDGE,FxCartridge,Fx탄창
STR_DN_AMMO_CRATES,Ammo Crates,탄약 상자
STR_DN_AMMO_CRATES_WEST,Ammo Crates (West),탄약 상자(나토군)
STR_DN_AMMO_CRATES_EAST,Ammo Crates (East),탄약 상자(소련군)
STR_DN_AMMO_CRATES_RES,Ammo Crates (Res),탄약 상자(반란군)
STR_DN_MACHINE_GUN,Machine gun,기관총
STR_DN_FLAG,Flag,깃발
STR_DN_FIRE,Fire,사격
STR_DN_TARGET_EAST,Target E,E 표적
STR_DN_CESSNA_CRASH,Crashed plane,추락한 비행기
STR_DN_TENT,Tent,텐트
STR_DN_TENT_A,Tent A,텐트 A
STR_DN_TENT_OPEN,Tent (Open),텐트(개방)
STR_DN_TENT_EAST,Tent East,텐트 동
STR_DN_TENT_EAST_C,Tent East C,텐트 동 C
STR_DN_MASH,Field Hospital,야전 병원
STR_DN_DEBUG_CUBE,Debug cube,Debug cube
STR_DN_FORTRESS_1,Fortress 1,요새 1
STR_DN_GRAVE,Grave,묘지
STR_DN_GRAVE_CROSS_1,Grave Cross 1,묘지 십자가 1
STR_DN_GRAVE_CROSS_2,Grave Cross 2,묘지 십자가 2
STR_DN_GRAVE_CROSS_HELMET,Grave Cross Helmet,묘지 십자가 헬멧
STR_DN_FENCE,Fence,담
STR_DN_FENCE_WOOD,Wood Fence,목재 담장
STR_DN_WIRE,Wire,철사
STR_DN_FENCE_WIRE,Fence barbedwire,가시 철사
STR_DN_BARREL,Barrel,배럴
STR_DN_BARRELS,Barrels,배럴
STR_DN_BARREL_RED,Barrel (red),배럴(빨간색)
STR_DN_BARREL_BROWN,Barrel (brown),배럴(갈색)
STR_DN_BARREL_WHITE,Barrel (white),배럴(하얀색)
STR_DN_TABLE,Table,탁자
STR_DN_TABLEMAP,Table with map,지도가 놓인 탁자
STR_DN_TABLE_PUB, Table (pub),탁자(술집)
STR_DN_CHAIR,Chair,의자
STR_DN_CHAIR_HANGAR,Chair Hangar,격납고 의자
STR_DN_CHAIR_SMALL,Chair Small,소형 의자
STR_DN_DANGER,Danger!,위험!
STR_DN_CHAIR_X, Chair X,의자 X
STR_DN_VIDEO,Video Table,비디오 탁자
STR_DN_RADIO,Radio,라디오
STR_DN_PHONEHANG,Phone,전화
STR_DN_PHONEBASE, Phone base,전화 받침
STR_DN_CAMERA, Camera,카메라
STR_DN_COMPUTER, Computer,컴퓨터
STR_DN_TRIPOD,Tripod,삼각대
STR_DN_REST,Rest,받침대
STR_DN_BALL,Ball,공
STR_DN_SPHERE_10000,Sphere 10000,Sphere 10000
STR_DN_CRAWLING,Crawling training,포복 훈련
STR_DN_TRAINING_2,Training 2,훈련 2
STR_DN_TRAINING_3,Training 3,훈련 3
STR_DN_TRAINING_4,Training 4,훈련 4
STR_DN_PALLET,Pallet,팔레트
STR_DN_PALLET_A,Pallet A,팔레트 A
STR_DN_PALLETS_C,Pallets,팔레트
STR_DN_JEEP_WRECK_1,Jeep Wreck 1,지프 잔해 1
STR_DN_JEEP_WRECK_2,Jeep Wreck 2,지프 잔해 2
STR_DN_JEEP_WRECK_3,Jeep Wreck 3,지프 잔해 3
STR_DN_M113_WRECK,M113 Wreck,M113 잔해
STR_DN_URAL_WRECK,Ural Wreck,Ural 잔해
STR_DN_BODY,Body,시신
STR_DN_SHED,Shed,오두막
STR_DN_OFFICE,Office,사무실
STR_DN_BARRACKS,Barracks,막사
STR_DN_HANGAR,Hangar,격납고
STR_DN_HANGAR_HALL,Hangar Hall,격납고 홀
STR_DN_HANGAR_OFFICE,Hangar Office,격납고 사무실
STR_DN_SHED_SMALL,Small Shad,Small Shad
STR_DN_FOUNTAIN,Fountain,분수
STR_DN_HELI_H,H,H
STR_DN_HELI_H_EMPTY,H (Invisible),H (투명)
STR_DN_OF_LOGO,OF Logo,OF 로고
STR_DN_EMPTY,No object,사물 없음

STR_DN_FROG,Frog,개구리
STR_DN_FROGS,Frogs,개구리
STR_DN_ALARM,Alarm,알람
STR_DN_BIRDSING,Bird singing,지저귀는 새
STR_DN_CRICKET1,Cricket 1,귀뚜라미 1
STR_DN_CRICKET2,Cricket 2,귀뚜라미 2
STR_DN_CRICKET3,Cricket 3,귀뚜라미 3
STR_DN_CRICKET4,Cricket 4,귀뚜라미 4
STR_DN_DOG,Dog,개구리
STR_DN_COCK,Cock,수탉
STR_DN_CHICKEN,Chicken,병아리
STR_DN_STREAM,Stream,시내
STR_DN_OWL,Owl,부엉이
STR_DN_COW,Cow,암소
STR_DN_SORROW_DOG,Sorrow Dog,슬픈 개
STR_DN_BAD_DOG,Bad Dog,무서운 개
STR_DN_LITTLE_DOG,Little Dog,작은 개
STR_DN_RAIN,Rain,비
STR_DN_SEA,Sea,바다
STR_DN_MEADOWS,Meadows,초원
STR_DN_TREES,Trees,나무
STR_DN_HILLS,Hills,언덕
STR_DN_TRACTOR,Tractor,트랙터
STR_DN_WOLF,Wolf,늑대
STR_DN_CROW,Crow,까마귀
STR_DN_MUSIC,Flasinet,Flasinet

COMMENT,Object display names,사물 디스플레이 명칭
STR_DN_TREE,Tree,나무
STR_DN_BUSH,Bush,덤불
STR_DN_CROSS,Cross,십자가
STR_DN_ROCK,Rock,바위
STR_DN_FOREST,Forest,숲

COMMENT,Weapons display names,무기 디스플레이 명칭
STR_DN_GUN,Gun,총
STR_DN_SHELL,HEAT,HEAT
STR_MN_SHELL,HEAT,HEAT
STR_SN_SHELL,HEAT,HEAT
STR_DN_HEAT,Sabot,Sabot
STR_MN_HEAT,Sabot,Sabot
STR_SN_HEAT,Sabot,Sabot
STR_DN_MGUN,MGun,기관총
STR_MN_MGUN,MGun,기관총
STR_SN_MGUN,MGun,기관총
STR_DN_RIFLE,Rifle,소총
STR_MN_RIFLE,Rifle Mag.,소총 탄창
STR_SN_RIFLE,Rifle,소총
STR_DN_FIST,Fist,주먹
STR_MN_FIST,Fist,주먹
STR_SN_FIST,Fist,주먹
STR_DN_STRIKE,Strike,공격
STR_MN_STRIKE,Strike,공격
STR_SN_STRIKE,Strike,공격
STR_DN_M16,M16,M16
STR_MN_M16,M16 Mag.,M16 탄창
STR_SN_M16,M16,M16
STR_DN_M16_BURST,M16 Burst,M16 점사
STR_DN_M4,XM-177E2,XM-177E2
STR_MN_M4,XM-177E2 Mag.,XM-177E2 탄창
STR_SN_M4,XM,XM
STR_DN_M4_AUTO,XM-177E2 Full Auto,XM-177E2 자동
STR_DN_AK47,AK47,AK47
STR_MN_AK47,AK47 Mag.,AK47 탄창
STR_SN_AK47,AK47,AK47
STR_DN_AK47_BURST,AK47 Burst,AK47 점사
STR_DN_AK47_AUTO,AK47 Full Auto,AK47 자동
STR_DN_AK47_CZ,AK47 CZ,AK47 CZ
STR_DN_AK74,AK74,AK74
STR_MN_AK74,AK74 Mag.,AK74 탄창
STR_SN_AK74,AK74,AK74
STR_DN_AK74_BURST,AK74 Burst,AK74 점사
STR_DN_AK74_AUTO,AK74 Full Auto,AK74 자동
STR_DN_AK74_SU,AK74 SU,AK74 SU
STR_DN_HK,HK,HK
STR_MN_HK,HK Mag.,HK 탄창
STR_SN_HK,HK,HK
STR_DN_HK_AUTO,HK Full Auto,HK 자동
STR_DN_SNIPER_RIFFLE,Sniper,저격수
STR_DN_M21,M21,M21
STR_MN_M21,M21 Mag.,M21 탄창
STR_SN_M21,M21,M21
STR_DN_SVD,SVD Dragunov,SVD Dragunov
STR_MN_SVD,SVD Dragunov Mag.,SVD Dragunov 탄창
STR_SN_SVD,SVD,SVD
STR_DN_BINOCULAR,Binocular,쌍안경
STR_DN_NV_GOGGLES,NV Goggles,NV 고글
STR_DN_M60_MG,M60,M60
STR_MN_M60_MG,M60 Mag.,M60 탄창
STR_SN_M60_MG,M60,M60
STR_DN_PK,PK,PK
STR_MN_PK,PK Mag.,PK 탄창
STR_SN_PK,PK,PK
STR_DN_MG30,30mm Cannon,30mm 포
STR_MN_MG30,30mm Cannon,30mm 포
STR_SN_MG30,30mm Cannon,30mm 포
STR_DN_AZP23,AZP-23,AZP-23
STR_MN_AZP23,AZP-23,AZP-23
STR_SN_AZP23,AZP-23,AZP-23
STR_DN_GRENADE,Grenade,유탄
STR_MN_GRENADE,Grenade,유탄
STR_SN_GRENADE,Grenade,유탄
STR_DN_RIFLE_GRENADE,Rifle + Grenades,소총 + 유탄발사기
STR_DN_M16_GRENADE,M16 + M203,M16 + M203
STR_DN_M203,M203 Launcher,M203 발사기
STR_DN_AK47_GRENADE,AK47 + Grenades,AK47 + 유탄
STR_DN_AK74_GRENADE,AK74 + Grenades,AK74 + 유탄
STR_DN_MORTAR_W,Mortar,총류탄
STR_MN_MORTAR_W,Mortar,총류탄
STR_SN_MORTAR_W,Mortar,총류탄
STR_DN_FLARE,Flare,조명탄
STR_MN_FLARE,Flare,조명탄
STR_SN_FLARE,Flare,조명탄
STR_DN_FLARE_GREEN,Flare (Green),조명탄 (초록색)
STR_MN_FLARE_GREEN,Flare (Green),조명탄 (초록색)
STR_SN_FLARE_GREEN,Flare,조명탄
STR_DN_FLARE_RED,Flare (Red),조명탄 (빨간색)
STR_MN_FLARE_RED,Flare (Red),조명탄 (빨간색)
STR_SN_FLARE_RED,Flare,조명탄
STR_DN_FLARE_YELLOW,Flare (Yellow),조명탄 (노란색)
STR_MN_FLARE_YELLOW,Flare (Yellow),조명탄 (노란색)
STR_SN_FLARE_YELLOW,Flare,조명탄
STR_DN_THROW,Throw,투척
STR_DN_HAND_GRENADE,Hand Grenade,수류탄
STR_MN_HAND_GRENADE,Hand Grenade,수류탄
STR_SN_HAND_GRENADE,H.Gr.,H.Gr.
STR_DN_SMOKE,Smoke Shell,연막탄
STR_MN_SMOKE,Smoke Shell,연막탄
STR_SN_SMOKE,Smoke,연막탄
STR_DN_SMOKE_RED,Smoke Shell (Red),연막탄(빨간색)
STR_MN_SMOKE_RED,Smoke Shell (Red),연막탄(빨간색)
STR_SN_SMOKE_RED,Smoke,연막
STR_DN_SMOKE_GREEN,Smoke Shell (Green),연막탄(초록색)
STR_MN_SMOKE_GREEN,Smoke Shell (Green),연막탄(초록색)
STR_SN_SMOKE_GREEN,Smoke,연막
STR_DN_PUT,Put,설치
STR_DN_TIME_BOMB,Time bomb,시한 폭탄
STR_MN_TIME_BOMB,Time bomb,시한 폭탄
STR_SN_TIME_BOMB,Time,시간
STR_DN_MINE,Mine,지뢰
STR_MN_MINE,Mine,지뢰
STR_SN_MINE,Mine,지뢰
STR_DN_PIPE_BOMB,Satchel Charges,폭탄
STR_MN_PIPE_BOMB,Satchel Charges,폭탄
STR_SN_PIPE_BOMB,Bomb,폭탄
STR_DN_LAW,LAW Launcher,LAW 발사기
STR_MN_LAW,LAW,LAW
STR_SN_LAW,LAW,LAW
STR_DN_RPG,RPG Nh-75 Launcher,RPG Nh-75 발사기
STR_MN_RPG,RPG Nh-75,RPG Nh-75 
STR_SN_RPG,RPG Nh-75,RPG Nh-75 
STR_DN_CARL_GUSTAV,Carl Gustav Launcher,칼 구스타프 발사기
STR_MN_CARL_GUSTAV,Carl Gustav,칼 구스타프
STR_SN_CARL_GUSTAV,Carl Gustav,칼 구스타프
STR_DN_AT4,AT4 Launcher,AT4 발사기
STR_MN_AT4,AT4,AT4
STR_SN_AT4,AT4,AT4
STR_DN_AA,AA Launcher,AA 발사기
STR_MN_AA,AA,AA
STR_SN_AA,AA,AA
STR_DN_9K32,9K32 Strela Launcher,9K32 Strela 발사기
STR_MN_9K32,9K32 Strela,9K32 Strela
STR_SN_9K32,9K32,9K32
STR_DN_AT3,AT3 Launcher,AT3 발사기
STR_MN_AT3,AT3,AT3
STR_SN_AT3,AT3,AT3
STR_DN_TOW,TOW,토우 미사일
STR_MN_TOW,TOW,토우 미사일
STR_SN_TOW,TOW,토우 미사일
STR_DN_FFAR,FFAR,로켓
STR_MN_FFAR,FFAR,로켓
STR_SN_FFAR,FFAR,로켓
STR_DN_ROCKET_57,57mm Rocket,57mm 로켓
STR_MN_ROCKET_57,57mm Rocket,57mm 로켓
STR_SN_ROCKET_57,57mm Rocket,57mm 로켓
STR_DN_AT6,AT6,AT6
STR_MN_AT6,AT6,AT6
STR_SN_AT6,AT6,AT6
STR_DN_MAVERICK,Maverick,매버릭
STR_MN_MAVERICK,Maverick,매버릭
STR_SN_MAVERICK,Maverick,매버릭
STR_DN_HORN,Horn,호른
STR_DN_PHONE,Phone,전화

COMMENT,Quarters,방위
STR_Q_NORTH,North,북
STR_Q_NORTH_EAST,North-east,동북
STR_Q_EAST,East,동북
STR_Q_SOUTH_EAST,South-east,동남
STR_Q_SOUTH,South,남
STR_Q_SOUTH_WEST,South-west,남서
STR_Q_WEST,West,서 
STR_Q_NORTH_WEST,North-west,북서

COMMENT,Radio sentences,무전기 대화
STR_SENT_UNIT_KILLED_1,%1.1 IS DOWN,%1.1 (이)가 맞았다
STR_SENT_UNIT_KILLED_2,DAMN %1.1 IS DOWN,제길 %1.1 (이)가 맞았다
STR_SENT_UNIT_KILLED_3,OH NO.... %1.1... IS DOWN!,안돼... %1.1... (이)가 쓰러졌다!
STR_SENT_SUPPORT_ASK_HEAL_1,MEDIC! POSITION %1,의무병! 현재 위치 %1
STR_SENT_SUPPORT_ASK_REPAIR_1,"NEED REPAIRS, POSITION %1","수리 요청, 현재 위치 %1"
STR_SENT_SUPPORT_ASK_REFUEL_1,"NEED FUEL, POSITION %1","연료 요청, 현재 위치 %1"
STR_SENT_SUPPORT_ASK_REARM_1,"NEED AMMO, POSITION %1","탄약 요청, 현재 위치 %1"
STR_SENT_SUPPORT_CONFIRM_1,"%1, SUPPORTING. POSITION %2","%1, 지원중. 연재 위치%2"
STR_SENT_SUPPORT_READY_1,"POSITION %2, SUPPORTING %1","현재위치 %2, %1 지원중"
STR_SENT_SUPPORT_DONE_1,SUPPORT DONE,지원 완료
STR_SENT_HEALTH_CRITICAL_1,INJURED,부상
STR_SENT_DAMMAGE_CRITICAL_1,STATUS RED,적색 상태
STR_SENT_FUEL_CRITICAL_1,OUT OF FUEL,연료 소모
STR_SENT_FUEL_LOW_1,FUEL LOW,연료 부족
STR_SENT_AMMO_CRITICAL_1,OUT OF AMMO,탄약 없음
STR_SENT_AMMO_LOW_1,AMMO LOW,탄약 부족
STR_SENT_REPORT_POSITION_1,POSITION %2,현재 위치 %2
STR_SENT_IS_LEADER_1,TAKING COMMAND,지휘를 맡는다
STR_SENT_IS_LEADER_2,THIS IS %1: TAKING COMMAND. I SAY AGAIN. %1 TAKING COMMAND. OUT.,%1 이다 :  내가 지휘를 맡는다. 반복한다. %1이 지휘를 맡는다. 이상.
STR_SENT_COMMAND_COMPLETED_1,READY,준비
STR_SENT_COMMAND_COMPLETED_2,WAITING,대기
STR_SENT_FIRE_READY_1,READY TO FIRE,사격 준비 완료
STR_SENT_FIRE_NEGATIVE_1,CANNOT FIRE,사격 불가
STR_SENT_COMMAND_FAILED_1,NEGATIVE,안된다
STR_SENT_DESTINATION_UNREACHEABLE_1,CAN'T GET THERE,그곳에 접근불능
STR_SENT_ENEMY_DETECTED_1,"%3, %4 %2, %5","%3, %4 %2, %5"
STR_SENT_ENEMY_DETECTED_2,"%3, %2, %5","%3, %2, %5"
STR_SENT_ENEMY_DETECTED_FAR_1,"%3, %4 %2, %5","%3, %4 %2, %5"
STR_SENT_ENEMY_DETECTED_FAR_2,"%3, %2, %5","%3, %2, %5"
STR_SENT_ENEMY_DETECTED_SIMPLE_1,"%3, %2, %5","%3, %2, %5"
STR_SENT_ENEMY_DETECTED_SIMPLE_FAR_1,"%3, %2","%3, %2"
STR_SENT_OBJECT_DESTROYED_1,I'VE GOT HIM,찾았다
STR_SENT_OBJECT_DESTROYED_2,%2 IS HISTORY,%2 (은)는 끝장났다
STR_SENT_OBJECT_DESTROYED_UNKNOWN_1,I'VE GOT HIM,내가 처리했다
STR_SENT_CONTACT_1,CONTACT,적발견
STR_SENT_UNDER_FIRE_1,UNDER FIRE,공격받고 있다
STR_SENT_CLEAR_1,CLEAR,알았다
STR_SENT_REPEAT_COMMAND_1,REPEAT,반복하라
STR_SENT_WHERE_ARE_YOU_1,WHERE ARE YOU?,현재 위치는?
STR_SENT_RETURN_TO_FORMATION_1,"%1, RETURN TO FORMATION","%1, 대열로 복귀하라"
STR_SENT_RETURN_TO_FORMATION_2,"%1, FALL BACK INTO FORMATION","%1, 대열로 복귀하라"
STR_SENT_FORM_COLUMN_1,FORM COLUMN,종대로 헤쳐모여
STR_SENT_FORM_STAGGERED_COLUMN_1,FORM STAGGERED COLUMN,교차형 종대로 헤쳐모여
STR_SENT_FORM_WEDGE_1,FORM WEDGE,쐐기형 대열로 헤쳐모여
STR_SENT_FORM_ECHOLON_LEFT_1,FORM ECHELON LEFT,좌측 제형 대열로 헤쳐모여
STR_SENT_FORM_ECHOLON_RIGHT_1,FORM ECHELON RIGHT,우측 제형 대열로 헤쳐모여
STR_SENT_FORM_VEE_1,FORM VEE,V자형 대열로 헤쳐모여
STR_SENT_FORM_LINE_1,FORM LINE,일렬횡대로 헤쳐모여
STR_SENT_BEHAVIOUR_CARELESS_1,"%1, STAND DOWN","%1, 해산"
STR_SENT_BEHAVIOUR_SAFE_1,"%1, AT EASE!","%1, 쉬어!"
STR_SENT_BEHAVIOUR_AWARE_1,"%1, STAY ALERT","%1, 주의하라"
STR_SENT_BEHAVIOUR_COMBAT_1,"%1, DANGER","%1, 위험하다"
STR_SENT_BEHAVIOUR_STEALTH_1,"%1, STEALTH","%1, 은밀하게 행동하라"
STR_SENT_OPEN_FIRE_1,"%1.1, FIRE AT WILL",
STR_SENT_OPEN_FIRE_2,"%1.1, WEAPONS FREE","%1.1, 사격해도 좋다"
STR_SENT_OPEN_FIRE_IN_COMBAT_1,"%1.1, GO, GO, GO!","%1.1, 돌격, 돌격, 돌격!"
STR_SENT_HOLD_FIRE_1,"%1.1, HOLD FIRE","%1.1, 사격 금지"
STR_SENT_HOLD_FIRE_IN_COMBAT_1,"%1.1, CEASE FIRE","%1.1, 사격 중지"
STR_SENT_HOLD_FIRE_IN_COMBAT_2,"%1.1, DON'T FIRE","%1.1, 사격 중지"
STR_SENT_CEASE_FIRE_INSIDE_GROUP_1,"%1.1, CEASE FIRE","%1.1, 사격 중지"
STR_SENT_CEASE_FIRE_1,"%1 %2.1, CEASE FIRE","%1 %2.1, 사격 중지"
STR_SENT_LOOSE_FORMATION_1,"%1.1, ENGAGE AT WILL","%1.1, 가까이 접근해서 범위내에 들어오면 공격하라"
STR_SENT_KEEP_FORMATION_1,"%1.1, DISENGAGE","%1.1, 퇴각하라"
STR_SENT_UNIT_POS_DOWN_1,"%1.1, GO PRONE","%1.1, 포복으로 이동하라"
STR_SENT_UNIT_POS_DOWN_2,"%1.1, HIT THE DIRT!","%1.1, 땅에 엎드려!"
STR_SENT_UNIT_POS_DOWN_3,"%1.1, GET DOWN","%1.1, 자세를 낮춰라"
STR_SENT_UNIT_POS_UP_1,"%1.1, STAND UP","%1.1, 일어섯"
STR_SENT_UNIT_POS_AUTO_1,"%1.1, KEEP LOW","%1.1, 자세를 낮춰라"
STR_SENT_FORM_POS_ADVANCE_1,"%1.1, ADVANCE","%1.1, 진격"
STR_SENT_FORM_POS_STAY_BACK_1,"%1.1, STAY BACK","%1.1, 뒤에서 대기"
STR_SENT_FORM_POS_FLANK_LEFT_1,"%1.1, FLANK LEFT","%1.1, 좌측으로"
STR_SENT_FORM_POS_FLANK_RIGHT_1,"%1.1, FLANK RIGHT","%1.1, 우측으로"
STR_SENT_REPORT_STATUS_1,"%1.1, REPORT STATUS","%1.1, 현상태를 보고하라"
STR_SENT_TEAM_1,%1.1 IS %2,%2는 %1. 1이다
STR_SENT_WATCH_TGT_1,"%1.1, WATCH %2","%1.1, %2를 감시하라"
STR_SENT_WATCH_DIR_1,"%1.1, WATCH %2","%1.1, %2를 감시하라"
STR_SENT_WATCH_POS_1,"%1.1, WATCH %2","%1.1, %2를 감시하라"
STR_SENT_WATCH_AROUND_1,"%1.1, SCAN HORIZON","%1.1, 사주경계하라"
STR_SENT_NO_TARGET_1,"%1.1, NO TARGET","%1.1, 표적 없다"
STR_SENT_TARGET_1,"%1, TARGET %2","%1, %2(을)를 조준하라"
STR_SENT_ENGAGE_1,"%1, ENGAGE %2","%1, %2(와)과 교전하라"
STR_SENT_FIRE_1,"%1, FIRE AT %2","%1, %2에 사격개시"
STR_SENT_ENGAGE_NO_TARGET_1,"%1, ENGAGE","%1, 교전하라"
STR_SENT_FIRE_NO_TARGET_1,"%1, FIRE","%1, 사격하라"
STR_SENT_CMD_MOVE_1,"%1.1, MOVE TO %2 %3","%1.1, %2 %3(으)로 이동하라"
STR_SENT_CMD_MOVE_2,"%1.1, GO TO %2 %3","%1.1, %2 %3(으)로 이동하라"
STR_SENT_CMD_MOVE_FAR_1,"%1.1, MOVE TO %2","%1.1, %2(으)로 이동하라"
STR_SENT_CMD_MOVE_FAR_2,"%1.1, GO TO %2","%1.1, %2(으)로 이동하라"
STR_SENT_CMD_MOVE_TO_1,"%1.1, MOVE TO %2 %3","%1.1, %2 %3(으)로 이동하라"
STR_SENT_CMD_MOVE_TO_2,"%1.1, GO TO %2 %3","%1.1, %2 %3(으)로 이동하라"
STR_SENT_CMD_MOVE_NEAR_1,"%1.1, MOVE TO %2 %3","%1.1, %2 %3(으)로 이동하라"
STR_SENT_CMD_HEAL_1,"%1.1, HEAL AT %2 %3","%1.1, %2 %3에서 상처를 치료하라"
STR_SENT_CMD_HEAL_FAR_1,"%1.1, HEAL AT %2","%1.1, %2에서 상처를 치료하라"
STR_SENT_CMD_HEAL_AT_1,"%1.1, GO TO %2 %3","%1.1, %2 %3(으)로 이동하라"
STR_SENT_CMD_REPAIR_1,"%1.1, REPAIR AT %2 %3","%1.1, %2 %3에서 수리하라"
STR_SENT_CMD_REPAIR_FAR_1,"%1.1, REPAIR AT %2","%1.1, %2에서 수리하라"
STR_SENT_CMD_REPAIR_AT_1,"%1.1, REPAIR AT %2 %3","%1.1, %2 %3에서 수리하라"
STR_SENT_CMD_REFUEL_1,"%1.1, REFUEL AT %2 %3","%1.1, %2 %3에서 연료를 공급받아라"
STR_SENT_CMD_REFUEL_FAR_1,"%1.1, REFUEL AT %2","%1.1, %2에서 연료를 공급받아라"
STR_SENT_CMD_REFUEL_AT_1,"%1.1, REFUEL AT %2 %3","%1.1, %2 %3에서 연료를 공급받아라"
STR_SENT_CMD_REARM_1,"%1.1, REARM AT %2 %3","%1.1, %2 %3에서 재무장하라"
STR_SENT_CMD_REARM_FAR_1,"%1.1, REARM AT %2","%1.1, %2에서 재무장하라"
STR_SENT_CMD_REARM_AT_1,"%1.1, REARM AT %3","%1.1, %3에서 재무장하라"
STR_SENT_CMD_SUPPORT_1,"%1.1, SUPPORT AT %2 %3","%1.1, %2 %3에서 지원하라"
STR_SENT_CMD_SUPPORT_FAR_1,"%1.1, SUPPORT AT %2","%1.1, %2에서 지원하라"

STR_SENT_CMD_SUPPORT_AT_1," ""%1.1"," ""%1.1"

STR_SENT_CMD_TAKE_WEAPON_1,"%1.1, TAKE WEAPON FROM %2 %3","%1.1,  %2 %3 (으)로부터 무기를 취하라"
STR_SENT_CMD_TAKE_WEAPON_FAR_1,"%1.1, TAKE WEAPON FROM %2","%1.1, %2 (으)로부터 무기를 취하라"
STR_SENT_CMD_TAKE_WEAPON_AT_1,"%1.1, TAKE WEAPON FROM %2 %3","%1.1, %2 %3 (으)로부터 무기를 취하라"
STR_SENT_CMD_TAKE_MAGAZINE_1,"%1.1, TAKE MAGAZINE FROM %2 %3","%1.1, %2 %3 (으)로부터 탄창을 취하라"
STR_SENT_CMD_TAKE_MAGAZINE_FAR_1,"%1.1, TAKE MAGAZINE FROM %2","%1.1, %2(으)로부터 탄창을 취하라"
STR_SENT_CMD_TAKE_MAGAZINE_AT_1,"%1.1, TAKE MAGAZINE FROM %2 %3","%1.1, %2 %3(으)로부터 탄창을 취하라"
STR_SENT_CMD_ACTION_1,"%1.1, %2 AT %3 %4","%1.1, %2 AT %3 %4"
STR_SENT_CMD_ACTION_FAR_1,"%1.1, %2 AT %3","%1.1, %2 AT %3"
STR_SENT_CMD_ACTION_AT_1,"%1.1, %2 AT %3 %4","%1.1, %2 AT %3 %4"
STR_SENT_CMD_FOLLOW_ME_1,"%1.1, RETURN TO FORMATION","%1.1, 대열로 복귀하라"
STR_SENT_CMD_FOLLOW_ME_2,"%1.1, FALL BACK INTO FORMATION","%1.1, 대열로 복귀하라"
STR_SENT_CMD_FOLLOW_1,"%1.1, FOLLOW %2.1","%1.1, %2.1 따라가라"
STR_SENT_CMD_ATTACK_1,"%1.1, ATTACK %2","%1.1, %2를 공격하라"
STR_SENT_CMD_ATTACK_NO_TARGET_1,"%1.1, ATTACK","%1.1, 공격"
STR_SENT_CMD_FIRE_1,"%1.1, FIRE AT %2","%1.1, %2에 사격 개시"
STR_SENT_CMD_GETIN_1,"%1.1, GET IN %2","%1.1, %2에 탑승하라"
STR_SENT_CMD_GETIN_COMMANDER_1,"%1.1, COMMANDER, GET IN %2","%1.1, 지휘관으로, %2에 탑승하라"
STR_SENT_CMD_GETIN_DRIVER_1,"%1.1, DRIVER, GET IN %2","%1.1, 조종사로, %2에 탑승하라"
STR_SENT_CMD_GETIN_PILOT_1,"%1.1, PILOT, GET IN %2","%1.1, 파일럿으로, %2에 탑승하라"
STR_SENT_CMD_GETIN_GUNNER_1,"%1.1, GUNNER, GET IN %2","%1.1, 사격수로, %2에 탑승하라"
STR_SENT_CMD_GETIN_CARGO_1,"%1.1, BOARD IN %2","%1.1, %2에 탑승하라"
STR_SENT_CMD_GETOUT_1,"%1.1, DISEMBARK","%1.1, 하차하라"
STR_SENT_CMD_STOP_1,"%1.1, HALT","%1.1, 정지하라"
STR_SENT_CMD_EXPECT_1,"%1.1, WAIT FOR ME","%1.1, 날 기다려라"
STR_SENT_CMD_HIDE_1,"%1.1, TAKE COVER","%1.1, 엄폐하라"
STR_SENT_NOTIFY_ATTACK_1,ENGAGING,교전중
STR_SENT_NOTIFY_SUPPORT_1,SUPPORTING,지원중
STR_SENT_CONFIRM_PRIVATE_1,ROGER,알았다
STR_SENT_CONFIRM_MOVE_1,ROGER,알았다
STR_SENT_CONFIRM_MOVE_2,MOVING ON,이동 중
STR_SENT_CONFIRM_MOVE_3,ON THE WAY,가고 있다
STR_SENT_CONFIRM_ATTACK_1,I'M ON HIM,그를 쫓고 있다
STR_SENT_CONFIRM_ATTACK_2,ROGER,알았다
STR_SENT_CONFIRM_ATTACK_3,ON THE WAY,가고 있다
STR_SENT_CONFIRM_OTHER_1,ROGER,알았다
STR_SENT_VEHICLE_MOVE_1,MOVE TO %1 %2,%1 %2(으)로 이동하라
STR_SENT_VEHICLE_MOVE_2,GO TO %1 %2,%1 %2(으)로 이동하라
STR_SENT_VEHICLE_JOIN_1,KEEP FORMATION,대열을 유지하라
STR_SENT_VEHICLE_FIRE_1,FIRE AT %1,%1에 사격 실시
STR_SENT_VEHICLE_TARGET_1,"TARGET %1, %2",%1를 조준하라
STR_SENT_VEHICLE_NO_TARGET_1,NO TARGET,표적이 없다
STR_SENT_VEHICLE_CEASE_FIRE_1,CEASE FIRE,사격 중지
STR_SENT_VEHICLE_FORWARD_1,FORWARD,앞으로
STR_SENT_VEHICLE_STOP_1,HALT,중지
STR_SENT_VEHICLE_BACKWARD_1,REVERSE,뒤로
STR_SENT_VEHICLE_FASTER_1,FAST,빨리
STR_SENT_VEHICLE_SLOWER_1,SLOW,천천히
STR_SENT_VEHICLE_LEFT_1,LEFT,좌로
STR_SENT_VEHICLE_RIGHT_1,RIGHT,우로
STR_SENT_VEHICLE_DIRECT_FIRE_1,FIRE,사격    
STR_SENT_VEHICLE_LOAD_1,%,
STR_SENT_VEHICLE_AZIMUT_1,,
STR_SENT_VEHICLE_FIRE_FAILED_1,NEGATIVE,불가능하다
STR_SENT_VEHICLE_FIRE_FAILED_2,CANNOT FIRE,사격할 수 없다

COMMENT,Config,Config
STR_CFG_GLASSES_NONE,None,None
STR_CFG_GLASSES_SPECTACLES,Spectacles,안경
STR_CFG_GLASSES_SUNGLASSES,Sunglasses,선글라스
STR_CFG_FACES_DEFAULT,Default face,기본 얼굴
STR_CFG_FACES_CUSTOM,Custom face,사용자 정의 얼굴
STR_CFG_HQ_BASE,Base,기지
STR_CFG_HQ_HQ,HQ,본부
STR_CFG_PAPABEAR,PAPA_BEAR,파파 베어
STR_CFG_FIREFLYBASE,BASE FIREFLY,화이어플라이 기지


STR_CFG_SFX_CA_AK,Ambient - AK74,Ambient - AK74
STR_CFG_SFX_CA_M16,Ambient - M16,Ambient - M16
STR_CFG_SFX_CA_EXPL1,Ambient - Explosion 1,Ambient - Explosion 1
STR_CFG_SFX_HEDGESPARROW,HedgeSparrow,바위종다리
STR_CFG_SFX_SKYLARK,Skylark,종달새
STR_CFG_SFX_FORESTLARK,ForestLark,산종달새
STR_CFG_SFX_NIGHTINGALE,Nightingale,소쩍새
STR_CFG_SFX_JAY,Jay,어치
STR_CFG_SFX_OWL,Owl2,부엉이2
STR_CFG_SFX_CROW2,Crow2,까마귀2
STR_CFG_SFX_FROG2,Frog2,개구리2
STR_CFG_SFX_SEAGULL,Seagull,갈매기
STR_CFG_ENVSOUNDS_DEFAULT,Default,기본
STR_CFG_ENVSOUNDS_COMBAT,Combat ambience 1,전투 환경 1
STR_CFG_MUSIC_7TH_DECIDE,7th - Decide,7th - Decide
STR_CFG_MUSIC_7TH_IAMGONAFLY,7th - I am Gonna Fly,7th - I am Gonna Fly
STR_CFG_MUSIC_7TH_LIFELESS,7th - Lifeless,7th - Lifeless
STR_CFG_MUSIC_7TH_OVERDOSE,7th - Overdose,7th - Overdose
STR_CFG_MUSIC_TRACK1,Track 1 - Main Theme,Track 1 - Main Theme
STR_CFG_MUSIC_TRACK2,Track 2 - Walk,Track 2 - Walk
STR_CFG_MUSIC_TRACK3,Track 3 - Slow Blades,Track 3 - Slow Blades
STR_CFG_MUSIC_TRACK4,Track 4 - The Fallen,Track 4 - The Fallen
STR_CFG_MUSIC_TRACK5,Track 5 - Secret,Track 5 - Secret
STR_CFG_MUSIC_TRACK6,Track 6 - Dark Side,Track 6 - Dark Side
STR_CFG_MUSIC_TRACK7,Track 7 - Heroes,Track 7 - Heroes
STR_CFG_MUSIC_TRACK8,Track 8 - Ocean,Track 8 - Ocean
STR_CFG_MUSIC_TRACK9,Track 9 - Decisions,Track 9 - Decisions
STR_CFG_MUSIC_TRACK10,Track 10 - March Hell,Track 10 - March Hell
STR_CFG_MUSIC_TRACK11,Track 11 - Hunt,Track 11 - Hunt
STR_CFG_MUSIC_TRACK12,Track 12 - Casualties Of War,Track 12 - Casualties Of War
STR_CFG_MUSIC_TRACK13,Track 13 - Suppression,Track 13 - Suppression
STR_CFG_MUSIC_TRACK14,Track 14 - Soviet Theme,Track 14 - Soviet Theme
STR_CFG_MUSIC_TRACK15,Track 15 - Armor,Track 15 - Armor
STR_CFG_MUSIC_TRACK16,Track 16 - Amen,Track 16 - Amen
STR_CFG_MUSIC_FROST,Organ Works,Organ Works
STR_CFG_SOUNDS_RUS1,Russian - American evils,Russian - 망할 놈의 미국 놈들
STR_CFG_SOUNDS_RUS2,"Russian - Run away, all, run away","Russian - 도망가, 모두들, 도망가"
STR_CFG_SOUNDS_RUS3,Russian - Devil's dogs,Russian - 악마의 개들
STR_CFG_SOUNDS_RUS4,Russian - Damn,Russian - 제길
STR_CFG_SOUNDS_RUS5,Russian - Damn,Russian - 제길
STR_CFG_SOUNDS_RUS6,Russian - Hey you. What are you doing there?,"Russian - 이봐, 거기서 뭘 하고 있나?"
STR_CFG_SOUNDS_RUS7,Russian - I surrender,Russian - 항복한다
STR_CFG_SOUNDS_RUS8,Russian - Mama...,Russian - 엄마..
STR_CFG_SOUNDS_RUS9,Russian - Don't shoot. We're unarmed.,Russian - 쏘지말아라. 우리는 비무장 상태다.
STR_CFG_SOUNDS_RUS10,Russian - Fire,Russian - 사격
STR_CFG_SOUNDS_RUS11,Russian - Cease fire,Russian - 사격중지
STR_CFG_SOUNDS_RUS12,Russian - Get out,Russian - 나가
STR_CFG_SOUNDS_RUS13,Russian - Help,Russian - 도와줘
STR_CFG_SOUNDS_RUS14,Russian - Freeze,Russian - 꼼짝마라
STR_CFG_SOUNDS_RUS15,Russian - Alarm,Russian - 비상
STR_CFG_SOUNDS_RUS16,Russian - Vodka!,Russian - 보드카!
STR_CFG_SOUNDS_RUS17,Russian - Vodka?,Russian - 보드카?
STR_CFG_SOUNDS_RUS18,Russian - Forward,Russian - 전방
STR_CFG_SOUNDS_RUS19,Russian - Sector clear,Russian - 전투 구역 클리어
STR_CFG_SOUNDS_RUS20,"Russian - Die, bastard","Russian - 죽어라, 빌어먹을 놈"
STR_CFG_SOUNDS_ENG1,Bastards 1,빌어먹을 놈 1
STR_CFG_SOUNDS_ENG2,Bastards 2,빌어먹을 놈 2
STR_CFG_SOUNDS_ENG3,Bastards 3,빌어먹을 놈 3
STR_CFG_SOUNDS_ENG4,Commie 1,빨갱이 1
STR_CFG_SOUNDS_ENG5,Commie 2,빨갱이 2
STR_CFG_SOUNDS_ENG6,Cover me 1,엄호하라 1
STR_CFG_SOUNDS_ENG7,Cover me 2,엄호하라 2
STR_CFG_SOUNDS_ENG8,Die 1,죽어라 1
STR_CFG_SOUNDS_ENG9,Die 2,죽어라 2
STR_CFG_SOUNDS_ENG10,Die 3,죽어라 3
STR_CFG_SOUNDS_ENG11,Don't shoot we're unarmed,비무장 상태다! 사격 중지 하라.
STR_CFG_SOUNDS_ENG12,"Enemy spotted, open fire!","적 발견, 사격 개시!"
STR_CFG_SOUNDS_ENG13,Everyone out 1,모두 빠져나가라 1
STR_CFG_SOUNDS_ENG14,Everyone out 2,모두 빠져나가라 2
STR_CFG_SOUNDS_ENG15,Forward,전방
STR_CFG_SOUNDS_ENG16,Get out of here 1,이곳에서 탈출하라 1
STR_CFG_SOUNDS_ENG17,Get out of here 2,이곳에서 탈출하라 1
STR_CFG_SOUNDS_ENG18,Get to your positions 1,각자 위치로 1
STR_CFG_SOUNDS_ENG19,Get to your positions 2,각자 위치로 2
STR_CFG_SOUNDS_ENG20,"Go, go, go 1",돌격 앞으로 1
STR_CFG_SOUNDS_ENG21,"Go, go, go 2",돌격 앞으로 2
STR_CFG_SOUNDS_ENG22,Help 1,도와줘 1
STR_CFG_SOUNDS_ENG23,Help 2,도와줘 2
STR_CFG_SOUNDS_ENG24,"Hey, what are you doing there? 1","이봐, 거기서 뭐 하고 있는가? 1"
STR_CFG_SOUNDS_ENG25,"Hey, what are you doing there? 2","이봐, 거기서 뭐 하고 있는가? 2"
STR_CFG_SOUNDS_ENG26,"Hey, what are you doing there? 3","이봐, 거기서 뭐 하고 있는가? 3"
STR_CFG_SOUNDS_ENG27,Let them have it 1,갖도록 내버려 둬 1
STR_CFG_SOUNDS_ENG28,Let them have it 2,갖도록 내버려 둬 2
STR_CFG_SOUNDS_ENG29,Look out 1,조심해 1
STR_CFG_SOUNDS_ENG30,Look out 2,조심해 2
STR_CFG_SOUNDS_ENG31,Look out 3,조심해 3
STR_CFG_SOUNDS_ENG32,"Medic, I am hit 1","의무병, 총상을 입었다 1"
STR_CFG_SOUNDS_ENG33,"Medic, I am hit 2","의무병, 총상을 입었다 2"
STR_CFG_SOUNDS_ENG34,"Medic, I am hit 3","의무병, 총상을 입었다 3"
STR_CFG_SOUNDS_ENG35,"Sector clear, take it easy 1","전투 지역을 접수했다, 서두르지 말라 1"
STR_CFG_SOUNDS_ENG36,"Sector clear, take it easy 2","전투 지역을 접수했다, 서두르지 말라 2"
STR_CFG_SOUNDS_ENG37,"Stay sharp, they're all around us","주의하라, 적들이 우리를 둘러싸고 있다."
STR_CFG_SOUNDS_ENG38,We surrender,항복한다
STR_CFG_SOUNDS_ENG39,We're under attack. Return fire!,적의 공격이다. 응수하라!
STR_CFG_SOUNDS_ENG40,Who's there 1,누구냐 1
STR_CFG_SOUNDS_ENG41,Who's there 2,누구냐 2
STR_CFG_SOUNDS_ALARM,Play alarm,알람 울리기
STR_CFG_SOUNDS_EXPLOSION1,Explosion Small,소형 폭발
STR_CFG_SOUNDS_EXPLOSION2,Explosion Big,대형 폭발
STR_CFG_SOUNDS_FOUNTAIN,Fountain,분수
STR_CFG_SOUNDS_FIRE,Fire,사격
STR_CFG_TITLES_SPHERE,Sphere,구
STR_CFG_TITLES_BISLOGO,Bohemia Interactive,Bohemia Interactive
STR_CFG_TITLES_TVSET,TV Set,텔레비전
STR_CFG_CUTSCENES_REFUEL,Refueling,주유중
STR_CFG_CUTSCENES_REARM,Rearming,재무장중
STR_CFG_CUTSCENES_REPAIR,Repairing,수리중
STR_CFG_CUTSCENES_HEALING,Healing,회복중
STR_CFG_CUTSCENES_TAKEWEAPON,Taking Weapon,무기 탈취
STR_CFG_CUTSCENES_TAKEMAGAZINE,Taking Ammo,탄약 탈취
STR_CFG_CAMEFFECTS_TERMINATE,Terminate,종결
STR_CFG_CAMEFFECTS_INTERNAL,Internal,내부
STR_CFG_CAMEFFECTS_ZOOMIN,Zoom In,확대
STR_CFG_CAMEFFECTS_ZOOMINSLOW,Zoom In Slow,천천히 확대
STR_CFG_CAMEFFECTS_AROUND,Around,주변 돌아보기
STR_CFG_CAMEFFECTS_AROUNDSLOW,Around Slow,천천히 주변 돌아보기
STR_CFG_CAMEFFECTS_ZOOMAROUND,Zoom & Around,확대 & 주변 보기
STR_CFG_CAMEFFECTS_AROUNDZOOMSLOW,Around & Zoom Slow,주변 보기 & 천천히 확대
STR_CFG_CAMEFFECTS_ZOOMINS,Zoom In S,S 확대
STR_CFG_CAMEFFECTS_FIXED,Fixed,고정
STR_CFG_CAMEFFECTS_FIXEDZOOM,Fixed (Zoom),고정(확대)
STR_CFG_CAMEFFECTS_EXTERNAL,External,외부
STR_CFG_MARKERS_FLAG,Objective,목표
STR_CFG_MARKERS_FLAG1,Flag,깃발
STR_CFG_MARKERS_DOT,Dot,점
STR_CFG_MARKERS_DESTROY,Destroy,파괴
STR_CFG_MARKERS_START,Start,시작
STR_CFG_MARKERS_END,End,끝
STR_CFG_MARKERS_WARNING,Warning,경고
STR_CFG_MARKERS_JOIN,Join,접속
STR_CFG_MARKERS_PICKUP,Pick Up,싣기
STR_CFG_MARKERS_UNKNOWN,Unknown,미상
STR_CFG_MARKERS_MARKER,Marker,마커
STR_CFG_MARKERS_ARROW,Arrow,화살
STR_CFG_MARKERS_EMPTY,Empty,공백
STR_CFG_MARKERCOL_DEFAULT,Default,기본
STR_CFG_MARKERCOL_BLACK,Black,검정색
STR_CFG_MARKERCOL_RED,Red,빨간색
STR_CFG_MARKERCOL_REDALPHA,Red Transparent,투명 빨간색
STR_CFG_MARKERCOL_GREEN,Green,초록색
STR_CFG_MARKERCOL_GREENALPHA,Green Transparent,투명 초록색
STR_CFG_MARKERCOL_BLUE,Blue,파란색
STR_CFG_MARKERCOL_YELLOW,Yellow,노란색
STR_CFG_MARKERCOL_WHITE,White,하얀색
STR_CFG_MARKERBR_SOLID,Solid,고체
STR_CFG_MARKERBR_HORIZONTAL,Horizontal,수평
STR_CFG_MARKERBR_VERTICAL,Vertical,수직
STR_CFG_MARKERBR_GRID,Grid,격자
STR_CFG_MARKERBR_FDIAGONAL,Forward diagonal,전방 사선
STR_CFG_MARKERBR_BDIAGONAL,Backward diagonal,후방 사선
STR_CFG_MARKERBR_DIAGGRID,Grid diagonal,격자 사선
STR_CFG_MARKERBR_CROSS,Cross,십자선
STR_CFG_GRPNAMES_ALPHA,Alpha,알파
STR_CFG_GRPNAMES_BRAVO,Bravo,브라보
STR_CFG_GRPNAMES_CHARLIE,Charlie,찰리
STR_CFG_GRPNAMES_DELTA,Delta,델타
STR_CFG_GRPNAMES_ECHO,Echo,에코
STR_CFG_GRPNAMES_FOXTROT,Foxtrot,폭스트롯
STR_CFG_GRPNAMES_GOLF,Golf,골프
STR_CFG_GRPNAMES_HOTEL,Hotel,호텔
STR_CFG_GRPNAMES_NOVEMBER,November,노벰버
STR_CFG_GRPNAMES_KILO,Kilo,킬로
STR_CFG_GRPNAMES_YANKEE,Yankee,양키
STR_CFG_GRPNAMES_ZULU,Zulu,줄루
STR_CFG_GRPNAMES_BUFFALO,Buffalo,버팔로
STR_CFG_GRPNAMES_SIX,Six,여섯
STR_CFG_GRPNAMES_TWO,Two,둘
STR_CFG_GRPNAMES_THREE,Three,삼
STR_CFG_GRPNAMES_GUARDIAN,Guardian,Guardian
STR_CFG_GRPNAMES_CONVOY,Convoy,Convoy

STR_CFG_GRPCOL_BLACK,Black,블랙
STR_CFG_GRPCOL_RED,Red,레드
STR_CFG_GRPCOL_GREEN,Green,그린
STR_CFG_GRPCOL_BLUE,Blue,블루
STR_CFG_GRPCOL_YELLOW,Yellow,옐로우
STR_CFG_GRPCOL_ORANGE,Orange,오렌지
STR_CFG_GRPCOL_PINK,Pink,핑크
STR_CFG_GRP_ARMORED,Armored,장갑
STR_CFG_GRP_INFANTRY,Infantry,보병
STR_CFG_GRP_M1PLATOON,M1Abrams Platoon,M1탱크 소대
STR_CFG_GRP_M60PLATOON,M60A2 Platoon,M60A2탱크 소대
STR_CFG_GRP_T80PLATOON,T80 Platoon,T80탱크 소대
STR_CFG_GRP_T72PLATOON,T72 Platoon,T72탱크 소대
STR_CFG_GRP_INFANTRY_BASIC,Infantry Squad,보병 분대
STR_CFG_GRP_INFANTRY_MECHANIZED,Mechanized Inf. Squad,기계화 보병 분대

COMMENT,Briefing,보고
STR_BRIEF_WEAPONS,Weapons:,무기 : 
STR_BRIEF_ITEMS1,Items I:,아이템 I : 
STR_BRIEF_ITEMS2,Items II:,아이템 II : 
STR_BRIEF_SPECIAL,Special:,특수 무기 : 
STR_BRIEF_PRIMARY_WEAPONS,Primary weapons,주무기
STR_BRIEF_SECONDARY_WEAPONS,Secondary weapons,보조무기
STR_BRIEF_SPECIAL_ITEMS,Special items,특수 아이템
STR_BRIEF_SPECIAL_MAGAZINES,Items,아이템
STR_BRIEF_POOL_CANCEL,CANCEL,취소
STR_BRIEF_POOL_NONE,NONE,NONE
STR_BRIEF_GROUP,Group,그룹
STR_BRIEF_GROUP_LEADER,", Group Leader",", 그룹 지휘관"
STR_BRIEF_COMMANDER," ""  Commander: """,  지휘관 :  
STR_BRIEF_DRIVER," ""  Driver: """,운전수 : 
STR_BRIEF_GUNNER," ""  Gunner: """,사수 : 
STR_BRIEF_CARGO," ""  In Cargo: """,창고 : 
STR_BRIEF_DURATION_LONG,"Duration: %d h, %d min","시간 :  %d 시간, %d분"
STR_BRIEF_DURATION_SHORT,Duration: %d min,시간 :  %d 분
STR_BRIEF_SCORE,Score: %.0f,점수 :  %.0f 
STR_BRIEF_OBJECTIVES,Objectives,목표
STR_BRIEF_STATISTICS,Statistics,통계
STR_BRIEF_YOURKILLS,Your kills:,사살 : 
STR_BRIEF_YOURKILLS_FRIENDLY,Your kills - friendly units:,사살 - 아군 : 
STR_BRIEF_YOURKILLS_CIVIL,Your kills - civilians:,사살 - 적군 : 
STR_BRIEF_CASUALTIES,Casualties:,사상자 : 
STR_BRIEF_FORMAT_GENERIC_TIMES,%dx %s,%dx %s
STR_BRIEF_FORMAT_YOU_TIMES,%dx you (%s),%dx you (%s)
STR_BRIEF_FORMAT_YOU_ONCE,You (%s),You (%s)
STR_BRIEF_FORMAT_BY_TIMES,  - %dx by %s,  - %dx by %s
STR_BRIEF_FORMAT_BY_ONCE,  - by %s,  - by %s
STR_BRIEF_STAT_OPEN,Statistics,통계
STR_BRIEF_STAT_CLOSE,Close,닫기


COMMENT, Credits, Credits
STR_CREDITS01,Project Leader,Project Leader
STR_CREDITS02,Programming,Programming
STR_CREDITS03,Artwork,Artwork
STR_CREDITS04,Design,Design
STR_CREDITS05,Landscape Editing,Landscape Editing
STR_CREDITS06,Motion Capture Performance,Motion Capture Performance
STR_CREDITS07,Additional Tools Programming,Additional Tools Programming
STR_CREDITS08,Original Music Score,Original Music Score
STR_CREDITS09,Additional Music Tracks,Additional Music Tracks
STR_CREDITS10,Sound Effects,Sound Effects
STR_CREDITS11,Special Thanks,Special Thanks

STR_CREDITSN01,Marek panl,Marek panl,Marek panl,Marek panl,Marek panl,Marek panl
STR_CREDITSN02,Ondej panl\n Ji曝 Martinek,Ondej panl\n Ji曝 Martinek,Ondej panl\n Ji曝 Martinek,Ondej panl\n Ji曝 Martinek,Ondej panl\n Ji曝 Martinek,Ondej panl\nJi曝 Martinek
STR_CREDITSN03,Jan Hovora\nPetr Pechar\nKamila Clarov\nPetr Vek\nKarel Matjka,Jan Hovora\nPetr Pechar\nKamila Clarov\nPetr Vek\nKarel Matjka,Jan Hovora\nPetr Pechar\nKamila Clarov\nPetr Vek\nKarel Matjka,Jan Hovora\nPetr Pechar\nKamila Clarov\nPetr Vek\nKarel Matjka,Jan Hovora\nPetr Pechar\nKamila Clarov\nPetr Vek\nKarel Matjka,Jan Hovora\nPetr Pechar\nKamila Clarov\nPetr Vek\nKarel Matjka
STR_CREDITSN04,Viktor Bocan\nVojtch Novk\nAdam Blek\nRobert tpek\nTom Pulkrbek\nJan Kraml,Viktor Bocan\nVojtch Novk\nAdam Blek\nRobert tpek\nTom Pulkrbek\nJan Kraml,Viktor Bocan\nVojtch Novk\nAdam Blek\nRobert tpek\nTom Pulkrbek\nJan Kraml,Viktor Bocan\nVojtch Novk\nAdam Blek\nRobert tpek\nTom Pulkrbek\nJan Kraml,Viktor Bocan\nVojtch Novk\nAdam Blek\nRobert tpek\nTom Pulkrbek\nJan Kraml,Viktor Bocan\nVojtch Novk\nAdam Blek\nRobert tipek\nTom Pulkrbek\nJan Kraml
STR_CREDITSN05,tepn Kment\nMelanie Novotn,tepn Kment\nMelanie Novotn,tepn Kment\nMelanie Novotn,tepn Kment\nMelanie Novotn,tepn Kment\nMelanie Novotn,tepn Kment\nMelanie Novotn
STR_CREDITSN06,Bohumil Trnka,Bohumil Trnka,Bohumil Trnka,Bohumil Trnka,Bohumil Trnka,Bohumil Trnka
STR_CREDITSN07,Ondej Novk\nLubo Pcal,Ondej Novk\nLubo Pcal,Ondej Novk\nLubo Pacal,Ondej Novk\nLubo Pcal,Ondej Novk\nLubo Pcal,Ondej Novk\nLubo Pcal
STR_CREDITSN08,Ondej Matjka,Ondej Matjka,Ondej Matjka,Ondej Matjka,Ondej Matjka,Ondej Matjka
STR_CREDITSN09,Lifeless \n\nOverdose\nIm Gonna Fly\nDecide,Sans vie \n\nOverdose\nJe m'envole\nDcider,Lifeless \n\nOverdose\nIm Gonna Fly\nDecide,Sin sentido \n\nSobredosis\nVoy a despegar\nDecidir,Lifeless \n\nOverdose\nIm Gonna Fly\nDecide,TODO translate
STR_CREDITSN09a,(Dedicated to memory of Sgt. Tom Birnie),(Ddi  la mmoire du sergent Tom Birnie),(In memoria del sergente Tom Birnie),(Dedicado a la memoria del Sgt. Tom Birnie),(Zum Gedenken an Feldw. Tom Birnie),TODO translate
STR_CREDITSN09b,"Composed by Lagettie / Reid and performed by \n\n\n(David Lagettie, Michael Reid, Luke Aldridge,\n Amy Dewhurst, Nathan Taylor)","Compos par Lagettie / Reid et interprt par \n\n\n(David Lagettie, Michael Reid, Luke Aldridge,\n Amy Dewhurst, Nathan Taylor)","Musica/testo di Lagettie / Reid; esecuzione di \n\n\n(David Lagettie, Michael Reid, Luke Aldridge,\n Amy Dewhurst, Nathan Taylor)","Compuesto por Lagettie / Reid e interpretada por \n\n\n(David Lagettie, Michael Reid, Luke Aldridge,\n Amy Dewhurst, Nathan Taylor)","Musik/Text: Lagettie/Reid. Gespielt von: \n\n\n(David Lagettie, Michael Reid, Luke Aldridge,\n Amy Dewhurst, Nathan Taylor)",TODO translate
STR_CREDITSN09c,Seventh,Septime,Seventh,Sptimo,Seventh,Seventh

STR_CREDITSN10,Robert Stevenson\nOndej Matjka\nBeaufort Clifton Addison III,Robert Stevenson\nOndej Matjka\nBeaufort Clifton Addison III,Robert Stevenson\nOndej Matjka\nBeaufort Clifton Addison III,Robert Stevenson\nOndej Matjka\nBeaufort Clifton Addison III,Robert Stevenson\nOndej Matjka\nBeaufort Clifton Addison III,Robert Stevenson\nOndej Matjka\nBeaufort Clifton Addison III
STR_CREDITSN11,AndOne\nJames McKenzie-Smith\nJens Buescher\nKrzysztof Janicki\nMarc Racine\nRadan Doubrava\nSlavomr Pavl杖ek\nFernando Santamaria\nVladan Marek\nAdammo,AndOne\nJames McKenzie-Smith\nJens Buescher\nKrzysztof Janicki\nMarc Racine\nRadan Doubrava\nSlavomr Pavl杖ek\nFernando Santamaria\nVladan Marek\nAdammo,AndOne\nJames McKenzie-Smith\nJens Buescher\nKrzysztof Janicki\nMarc Racine\nRadan Doubrava\nSlavomr Pavl杖ek\nFernando Santamaria\nVladan Marek\nAdammo,AndOne\nJames McKenzie-Smith\nJens Buescher\nKrzysztof Janicki\nMarc Racine\nRadan Doubrava\nSlavomr Pavl杖ek\nFernando Santamara\nVladan Marek\nAdammo,AndOne\nJames McKenzie-Smith\nJens Buescher\nKrzysztof Janicki\nMarc Racine\nRadan Doubrava\nSlavomr Pavl杖ek\nFernando Santamaria\nVladan Marek\nAdammo,AndOne\nJames McKenzie-Smith\nJens Buescher\nKrzysztof Janicki\nMarc Racine\nRadan Doubrava\nSlavomr Pavl杖ek\nFernando Santamaria\nVladan Marek\nAdammo

STR_CREDITS12,Published by,Published by
STR_CREDITS12a,Developed by,Developed by
STR_CREDITS13,External Producer,External Producer
STR_CREDITS14,Design/Script,Design/Script
STR_CREDITS15,QA/Compatibility,QA/Compatibility
STR_CREDITS16,Marketing/PR,Marketing/PR
STR_CREDITS17,Voice Processing,Voice Processing
STR_CREDITS18,Voice Artists,Voice Artists
STR_CREDITS19,Localisation,Localisation
STR_CREDITS20,Localisation Testing,Localisation Testing
STR_CREDITS21,Business/Legal,Business/Legal
STR_CREDITS22,Special Thanks,Special Thanks
STR_CREDITS23,(c) 2001 Bohemia Interactive Studio and The Codemasters Software Company Limited. All rights reserved.,(c) 2001 Bohemia Interactive Studio and The Codemasters Software Company Limited. All rights reserved.
STR_CREDITS24,"Vnovno tm, kte曝 zemeli, abychom my mohli t.","Vnovno tm, kte曝 zemeli, abychom my mohli t.","Vnovno tm, kte曝 zemeli, abychom my mohli t.","Vnovno tm, kte曝 zemeli, abychom my mohli t.","Vnovno tm, kte曝 zemeli, abychom my mohli t.",TODO translate

STR_CREDITSN13,Richard I Blenkinsop,Richard I Blenkinsop
STR_CREDITSN14,Brian Coller\nHal Sandbach\nJames Brown\nJason Truman\nJonathan Davies\nJonathan Smith\nLaura Peterson\nSimon Smith,Brian Coller\nHal Sandbach\nJames Brown\nJason Truman\nJonathan Davies\nJonathan Smith\nLaura Peterson\nSimon Smith
STR_CREDITSN15,Andrew Crabtree\nAnthony Cooper\nGary Cody\nGary Masters\nGhulam Khan\nJonathan Tainsh\nNeil Corbett\nPatrick Butler\nPaul Turland\nPeter Riley\nRichard Tysoe\nSam Chimes\nSimon Humphreys,Andrew Crabtree\nAnthony Cooper\nGary Cody\nGary Masters\nGhulam Khan\nJonathan Tainsh\nNeil Corbett\nPatrick Butler\nPaul Turland\nPeter Riley\nRichard Tysoe\nSam Chimes\nSimon Humphreys
STR_CREDITSN16,Adam Hance \nAlyson Fielding\nAndrea Matthews\nBruce Everiss\nChristopher Hines\nDavid Alcock\nDavid Solari\nEd Denson\nEmma Nichols\nHenry Cook\nJennifer Stubbs\nLiz Darling\nNick Pili\nNick McAuliffe\nNicky Veal\nSimon Reid,Adam Hance \nAlyson Fielding\nAndrea Matthews\nBruce Everiss\nChristopher Hines\nDavid Alcock\nDavid Solari\nEd Denson\nEmma Nichols\nHenry Cook\nJennifer Stubbs\nLiz Darling\nNick Pili\nNick McAuliffe\nNicky Veal\nSimon Reid
STR_CREDITSN17,Daniel Gardner\nLewis Griffin\nTim Bartlett,Daniel Gardner\nLewis Griffin\nTim Bartlett
STR_CREDITSN18,Dan Russell\nGregg Brown\nJonah Lotan\nJulia Zagonek\nTed Maynard\nTom Clarke Hill\nVince Marzello\nYuri Stepanov,Dan Russell\nGregg Brown\nJonah Lotan\nJulia Zagonek\nTed Maynard\nTom Clarke Hill\nVince Marzello\nYuri Stepanov
STR_CREDITSN19,Warren Cho/Infogrames Korea\nSgt. Orion YOung/Asteris,Warren Cho/Infogrames Korea\nSgt. Orion YOung/Asteris
STR_CREDITSN20,Brehit\nPatrick\nJunho\nAplus,Brehit\nPatrick\nJunho\nAplus
STR_CREDITSN21,Dean Trotman\nGary Rowe\nNav Sunner,Dean Trotman\nGary Rowe\nNav Sunner
STR_CREDITSN22,Alex Darby\nPeter Cardwell\nJoanne Chappell\nJohn Roberts\nJustin Forrest\nMat Thomas\nPete O'Donnell\nRich Eddy (Rocket Media),Alex Darby\nPeter Cardwell\nJoanne Chappell\nJohn Roberts\nJustin Forrest\nMat Thomas\nPete O'Donnell\nRich Eddy (Rocket Media)

COMMENT,Quotations,명언
STR_QUOTE_1,A single death is a tragedy; a million deaths is a statistic.,한명의 죽음은 비극이지만 백만명의 죽음은 통계일 뿐이다.
STR_AUTHOR_1,Joseph Stalin,조세프 스탈린
STR_QUOTE_2,I believe that people would be alive today if there were a death penalty.,사형제도가 있었더라면 많은 사람들이 죽지 않고 살아 있었을 것이다.
STR_AUTHOR_2,Nancy Reagan,낸시 레이건
STR_QUOTE_3,The quickest way to end a war is to lose it.,전쟁을 가장 빨리 끝내는 방법은 전쟁에서 패하는 것이다.
STR_AUTHOR_3,George Orwell,죠지 오웰
STR_QUOTE_4,"I know not with what weapons World War III will be fought, but World War IV will be fought with sticks and stones.",제 3차 세계대전에서 어떤 무기가 사용될지 모르겠지만 제 4차 세계대전에서는 몽둥이와 동맹이를 무기로 전쟁이 일어날 것이다.
STR_AUTHOR_4,Albert Einstein,알버트 아인스타인
STR_QUOTE_5,War is much too serious a matter to be entrusted to the military.,군에게 맡기기에 전쟁은 너무나 심각한 문제이다.
STR_AUTHOR_5,Georges Clemenceau,조지 클레망소
STR_QUOTE_6,War is a series of disasters which result in a winner.,전쟁은 한명의 승자만이 남는 재난의 연속이다.
STR_AUTHOR_6,Georges Clemenceau,조지 클레망소
STR_QUOTE_7,War is not nice.,전쟁은 훌륭하지 못한 것이다.
STR_AUTHOR_7,Barbara Bush,바바라 부시
STR_QUOTE_8,"War is a game that is played with a smile. If you can't smile, grin. If you can't grin, keep out of the way till you can.",전쟁은 미소를 지으며 하는 게임이다.  만일 미소를 지을 수 없으면 쓴웃음이라도 지어야한다.  쓴웃음도 지을 수 없다면 할 수 있을 때까지 참여하지 않아야 한다.
STR_AUTHOR_8,Winston Churchill,윈스톤 처칠
STR_QUOTE_9,To be prepared for war is one of the most effective means of preserving peace.,전쟁에 대비해 준비를 하는 것은 가장 효과적으로 평화를 보존하는 방법이다.
STR_AUTHOR_9,George Washington,조지 워싱톤
STR_QUOTE_10,"Stay out of the road, if you want to grow old.",오래살고 싶다면 전쟁에 참여해서는 안된다.
STR_AUTHOR_10,Pink Floyd,핑크 플로이드
STR_QUOTE_11,"Death is a very dull, dreary affair, and my advice to you is to have nothing whatsoever to do with it.",죽음이란 매우 어둡고 쓸쓸한 일이므로 죽음과 아무련 관련이 없길 바란다.
STR_AUTHOR_11,W. Somerset Maugham,W. 솜머셋 몸
STR_QUOTE_12,Many that live deserve death.  And some that die deserve life.,사는 사람들 중에는 죽어 마땅한 이들이 있다. 그리고 죽은 사람들 중에서는 살아 마땅한 이들이 있다.
STR_AUTHOR_12,J.R.R.Tolkien,J.R.R.톨키엔
STR_QUOTE_13,"And lastly there is the oldest and deepest desire, the Great Escape: the Escape from Death.",대탈출이야 말로 가장 오래되었으며 가장 간절한 욕망이다.  바로 죽음으로부터의 탈출이다.
STR_AUTHOR_13,J.R.R.Tolkien,J.R.R.톨키엔
STR_QUOTE_14,"As to you, Life, I reckon you are the leavings of many deaths; No doubt I have died, myself ten thousand times before.",인생은 많은 죽은이들이 남기고 간 것들이다. 내가 이미 수십만번 죽었다는 것은 자명한 이치이다.
STR_AUTHOR_14,Walt Whitman,월트 휘트만
STR_QUOTE_15,Men are at war with each other because each man is at war with himself.,인간은 자신 스스로와 전쟁을 하고 있기 때문에 다른 이들과도 서로 전쟁에 참여하게 되는 것이다.
STR_AUTHOR_15,Francis Meehan,프란시스 미한
STR_QUOTE_16,"It's not that I'm afraid to die, I just don't want to be there when it happens.",내가 죽는 것이 두려워서가 아니라 그냥 그 일이 벌어질때 그 곳에 있기 싫기 때문이다.
STR_AUTHOR_16,Woody Allen,우디 알렌
STR_QUOTE_17,It is hard to have patience with people who say 'There is no death' or 'Death doesn't matter.' There is death and whatever is matters.,"""죽음은 없다"" 혹은 ""죽음은 중요한 문제가 아니다""라고 말하는 사람들에게 참을성을 갖는 것은 매우 힘든이다.  죽음이란 것은 분명히 존재하고 모든 것은 중요하기 때문이다."
STR_AUTHOR_17,C.S.Lewis,C.S. 루이스
STR_QUOTE_18,A man's dying is more the survivors' affair than his own.,한 사람의 죽음은 그 자신보다는 살아남은 자의 문제이다.
STR_AUTHOR_18,Thomas Mann,토마스 만
STR_QUOTE_19,I do not believe in a fate that falls on men however they act; but I do believe in a fate that falls on them unless they act.,나는 어떻게 행동하건간에 떨어지는 운명보다는 어떻게 행동하지 않았기 때문에 귀결되는 운명을 믿는다.
STR_AUTHOR_19,G. K. Chesterton,G. K. 체스터톤
STR_QUOTE_20,A man who won't die for something is not fit to live.,무엇인가를 위해서 죽을 수 없는 사람은 살 자격이 없다.
STR_AUTHOR_20,Martin Luther King,마틴 루터 킹
STR_QUOTE_21,"Once the game is over, the king and the pawn go back in the same box.","일단 체스 게임이 끝나면, 킹과 폰은 같은 상자로 돌아간다."
STR_AUTHOR_21,Italian Proverb,이탈리아 속담
STR_QUOTE_22,I have not yet begun to fight!,아직 싸움을 시작하지 않았다.
STR_AUTHOR_22,John Paul Jones,존 폴 존스
STR_QUOTE_23,"Mankind must put an end to war, or war will put an end to mankind.",인류가 전쟁에 종지부를 찍지 않는다면 전쟁이 인류에 종지부를 찍게 될 것이다.
STR_AUTHOR_23,John Fitzgerald Kennedy,존 F. 케네디
STR_QUOTE_24,Wars have never hurt anybody except the people who die.,전쟁은 죽는 이들을 제외하고는 아무에게도 상처를 주지 않았다.
STR_AUTHOR_24,Salvador Dali,사바도르 달리
STR_QUOTE_25,War does not determine who is right - only who is left.,전쟁은 누가 옳으냐를 결정하지 않는다-단지 누가 살아남느냐를 결정한다.
STR_AUTHOR_25,Bertrand Russell,버트란트 러셀
STR_QUOTE_26,"We improve ourselves by victories over ourself. There must be contests, and you must win.",우리는 우리 스스로를 상대로 승리를 하면서 발전해 나간다.  경쟁이 있어야 하고 거시서 당신은 반드시 승리해야 한다.
STR_AUTHOR_26,Edward Gibbon,에드워드 기본
STR_QUOTE_27,"We succeed only as we identify in life, or in war, or in anything else, a single overriding objective, and make all other considerations bend to that one objective.","우리가 인생, 혹은 전쟁 혹은 그 무엇에 있어서 한가지 중요한 목표를 확인하고 다른 모든 것들을 이것에 굴복 시킬때에 비로소 우리는 성공을 한다."
STR_AUTHOR_27,Dwight D. Eisenhower,드와이트 아이젠하워
STR_QUOTE_28,"Experience is a hard teacher because she gives the test first, the lesson afterwards.",경험은 매우 엄격한 선생님이다.  왜냐하면 그녀는 언제나 시험을 먼저 주고 교훈을 나중에 가르쳐 준다.
STR_AUTHOR_28, Vernon Sanders Law,버논 샌더스 로우
STR_AUTHOR_29,James Thurber,제임스 써버
STR_QUOTE_29,You might as well fall flat on your face as lean over too far backwards.,뒤로 너무 많이 기댈 바에는 차라리 얼굴쪽으로 자빠지는 것이 낳다.
STR_QUOTE_30,Courage is being scared to death - but saddling up anyway.,용기가 죽도록 무서워하고 있지만 여차저차 하여 떠날 채비를 하고 있다.
STR_AUTHOR_30,John Wayne,존 웨인
STR_QUOTE_31,Death is more universal than life; everyone dies but not everyone lives.,삶보다 죽음이 더욱 보편적이다. 모든이는 죽지만 모든이가 사는 것은 아니다.
STR_AUTHOR_31,A. Sachs,A. 잭스
STR_QUOTE_32,Imagination is the one weapon in the war against reality.,전쟁에 있어서 상상은 현실에 대한 무기이다.
STR_AUTHOR_32,Jules de Gaultier,쥴스 디 고티에
STR_QUOTE_33,"You can't say that civilization don't advance, however, for in every war they kill you in a new way.",문명이 발달하지 않는다고 말할 수는 없지만 모든 전쟁에서는 사람을 죽이는 방법이 새롭게 발명된다.
STR_AUTHOR_33,Will Rogers,윌 로저스
STR_QUOTE_34,...Sometime they'll give a war and nobody will come.,...가끔 전쟁을 주고 아무도 오지 않을 것이다.
STR_AUTHOR_34,Carl Sandburg,칼 샌드버그
STR_QUOTE_35,"It is well that war is so terrible, or we should get too fond of it.",전쟁이란 것이 매우 무시무시한 것이라는 것은 참으로 다행이다.  그렇지 않았다면 우리는 전쟁을 너무 좋아하게 될 것이다.
STR_AUTHOR_35,Robert E. Lee,로버트 E. 리
STR_QUOTE_36,You can no more win a war than you can win an earthquake.,지진을 이길 수 없듯이 전쟁을 이길 수 없다.
STR_AUTHOR_36,Jeannette Rankin,제넷 랜킨
STR_QUOTE_37,War is one of the scourges with which it has pleased God to afflict men.,전쟁은 신이 인간에게 고통을 가할 수 있는 채찍이다.
STR_AUTHOR_37,Cardinal Richelieu,리첼류 신부
STR_QUOTE_38,In war there is no substitute for victory.,전쟁에서는 승리를 재체할 만한 것이 아무것도 없다.
STR_AUTHOR_38,General Douglas MacArthur,더글라스 맥아더 장군
STR_QUOTE_39,"War isn't about who's right, its about who's left.",전쟁은 누가 옳으냐에 대한 것이 아니라 누가 최종적으로 살아 남느냐에 대한 것이다.
STR_AUTHOR_39,Anders Russell,앤더스 러셀
STR_QUOTE_40,The object of war is not to die for your country but to make the other bastard die for his.,전쟁의 목적은 조국을 위해 목숨을 바치는 것이 아니라 적군이 적국을 위해 목숨을 잃게 만드는 것이다.
STR_AUTHOR_40,General G. C. Patton,G. C. 패튼 장군
STR_QUOTE_41,Much good work is lost for the lack of a little more.,약간만 노력이 부족하더라도 공든탑이 무너질 수 있다.
STR_AUTHOR_41,Edward Harriman,에드워드 해리맨
STR_QUOTE_42,"When defeat comes, accept it as a signal that your plans are not sound, rebuild those plans, and set sail once more toward your coveted goal.",패배하게 된다면 당신의 계획이 건실하지 못했다는 뜻으로 받아들이고 계획을 수정한 후 다시한번 당신의 목표를 향해 항해해야 한다.
STR_AUTHOR_42,Napolean Hill,나폴리 언덕
STR_QUOTE_LAST,Brave men are all vertebrates; they have their softness on the surface and their toughness in the middle.,용감한 이들은 모두 척추동물이다. 표면은 부드럽지만 속은 강인하다.
STR_AUTHOR_LAST,Lewis Carroll,루이스 캐롤


STRN_S01, 01: Steal the Car, 01 :  Steal the Car
STRN_S02, 02: Ambush, 02 :  Ambush
STRN_S03, 03: Bomberman, 03 :  Bomberman
STRN_S04, 04: Ground Attack, 04 :  Ground Attack
STRN_S05, 05: Heavy Metal, 05 :  Heavy Metal
STRN_S06, 06: Clean Sweep, 06 :  Clean Sweep
STRN_S07, 07: Shadow Killer, 07 :  Shadow Killer
STRN_S08, 08: Lone Wolf, 08 :  Lone Wolf
STRN_S09, 09: Sniper Team, 09 :  Sniper Team
STRN_S10, 10: Commander, 10 :  Commander

STRN_M01, Deathmatch (1-8 D), Deathmatch (1-8 D)
STRN_M02, Flag Fight (1-8 D), Flag Fight (1-8 D)
STRN_M03, Capture the Flag (2-8 T), Capture the Flag (2-8 T)
STRN_M04, Hold City (2-8 T), Hold City (2-8 T)
STRN_M05, Hostage Rescue (2-5 C), Hostage Rescue (2-5 C)
STRN_M06, King of the City (2-8 T), King of the City (2-8 T)
STRN_M07, King of the Hill (2-8 T), King of the Hill (2-8 T)





COMMENT,*** Added after translation *** TODO: Translate,*** Added after translation ***

STR_DIFF_3RD_PERSON_VIEW,3rd person view,3인칭 시점
STR_DISP_INT_TITLE_MP,Game in progress,게임 진행 중
STR_DN_FORTRESS_2,Fortress 2,요새 2
STR_MSG_PLAYERNAME_INVALID,Player's name is invalid!,사용할 수 없는 플레이어 이름!
STR_DN_M2_MGE,M2 Machine Gun (East),M2 기관총 (소련군)

STR_DN_BLACKOP,Black Op,Black Op
STR_DN_BLACKOPDAY,Black Op (day),Black Op (day)
STR_DN_SPECNAS,Spetz Natz,Spetz Natz
STR_DN_ENGINEER, Engineer,공병

STR_BRIEFING,"Briefing (%s, %s %d)","상황보고 (%s, %s %d)"

STR_DISP_REVERT_QUESTION,You're attempting to revert in your campaign game. Information about your progress and your save positions can be lost.,캠패인 게임에서 되돌아가려고 하고 있습니다.  진척 상황과 저장된 위치가 사라질 수 있습니다.
STRM_ADD_CLEAN2,You are the leader of those highly trained soldiers...,당신은 고도로 훈련된 병사들의 지휘관입니다....

STR_MAINTITLES_01, CODEMASTERS, CODEMASTERS
STR_MAINTITLES_02, PRESENTS, PRESENTS
STR_MAINTITLES_03, A, A
STR_MAINTITLES_04, BOHEMIA INTERACTIVE, BOHEMIA INTERACTIVE
STR_MAINTITLES_05, PRODUCTION, PRODUCTION
STR_MAINTITLES_06, OPERATION FLASHPOINT, OPERATION FLASHPOINT


STR_COPY,Vorbis Sound Compression Codec \nCopyright (c) 2001 Xiphophorus,Vorbis Sound Compression Codec \nCopyright (c) 2001 Xiphophorus

STR_ACTION_SALUTE,Salute,경례
STR_WEAPON,Weapon,무기
STR_MAGAZINE,Magazine,탄창
STR_USE_WEAPON,Use Weapon,무기 사용
STR_ACTION_SCUDLAUNCH,Launch SCUD,스커드 미사일 발사
STR_ACTION_SCUDSTART,Start SCUD,스커드 미사일 작동


STRN_S11, 11: Clean Sweep II, 11 :  Clean Sweep II

COMMENT,*** Keyboard,*** Keyboard
STR_DIK_ESCAPE,Escape,Escape
STR_DIK_1,1,1
STR_DIK_2,2,2
STR_DIK_3,3,3
STR_DIK_4,4,4
STR_DIK_5,5,5
STR_DIK_6,6,6
STR_DIK_7,7,7
STR_DIK_8,8,8
STR_DIK_9,9,9
STR_DIK_0,0,0
STR_DIK_MINUS,-,-
STR_DIK_EQUALS,=,=
STR_DIK_BACK,Back Space,Back Space
STR_DIK_TAB,Tab,Tab
STR_DIK_Q,Q,Q
STR_DIK_W,W,W
STR_DIK_E,E,E
STR_DIK_R,R,R
STR_DIK_T,T,T
STR_DIK_Y,Y,Y
STR_DIK_U,U,U
STR_DIK_I,I,I
STR_DIK_O,O,O
STR_DIK_P,P,P
STR_DIK_LBRACKET,[,[
STR_DIK_RBRACKET,],]
STR_DIK_RETURN,Enter,Enter
STR_DIK_LCONTROL,Left Ctrl,Left Ctrl
STR_DIK_A,A,A
STR_DIK_S,S,S
STR_DIK_D,D,D
STR_DIK_F,F,F
STR_DIK_G,G,G
STR_DIK_H,H,H
STR_DIK_J,J,J
STR_DIK_K,K,K
STR_DIK_L,L,L
STR_DIK_SEMICOLON,;,;
STR_DIK_APOSTROPHE,','
STR_DIK_GRAVE,~,~
STR_DIK_LSHIFT,Left Shift,Left Shift
STR_DIK_BACKSLASH,\\,\\
STR_DIK_Z,Z,Z
STR_DIK_X,X,X
STR_DIK_C,C,C
STR_DIK_V,V,V
STR_DIK_B,B,B
STR_DIK_N,N,N
STR_DIK_M,M,M
STR_DIK_COMMA,",",","
STR_DIK_PERIOD,.,.
STR_DIK_SLASH,/,/
STR_DIK_RSHIFT,Right Shift,Right Shift
STR_DIK_MULTIPLY,* [NUM],* [NUM]
STR_DIK_LMENU,Left Alt,Left Alt
STR_DIK_SPACE,Space,Space
STR_DIK_CAPITAL,Caps Lock,Caps Lock
STR_DIK_F1,F1,F1
STR_DIK_F2,F2,F2
STR_DIK_F3,F3,F3
STR_DIK_F4,F4,F4
STR_DIK_F5,F5,F5
STR_DIK_F6,F6,F6
STR_DIK_F7,F7,F7
STR_DIK_F8,F8,F8
STR_DIK_F9,F9,F9
STR_DIK_F10,F10,F10
STR_DIK_NUMLOCK,Num Lock,Num Lock
STR_DIK_SCROLL,Scroll Lock,Scroll Lock
STR_DIK_NUMPAD7,7 [NUM],7 [NUM]
STR_DIK_NUMPAD8,8 [NUM],8 [NUM]
STR_DIK_NUMPAD9,9 [NUM],9 [NUM]
STR_DIK_SUBTRACT,- [NUM],- [NUM]
STR_DIK_NUMPAD4,4 [NUM],4 [NUM]
STR_DIK_NUMPAD5,5 [NUM],5 [NUM]
STR_DIK_NUMPAD6,6 [NUM],6 [NUM]
STR_DIK_ADD,+ [NUM],+ [NUM]
STR_DIK_NUMPAD1,1 [NUM],1 [NUM]
STR_DIK_NUMPAD2,2 [NUM],2 [NUM]
STR_DIK_NUMPAD3,3 [NUM],3 [NUM]
STR_DIK_NUMPAD0,0 [NUM],0 [NUM]
STR_DIK_DECIMAL,. [NUM],. [NUM]
STR_DIK_OEM_102,OEM 102,OEM 102
STR_DIK_F11,F11,F11
STR_DIK_F12,F12,F12
STR_DIK_F13,F13,F13
STR_DIK_F14,F14,F14
STR_DIK_F15,F15,F15
STR_DIK_KANA,Kana,Kana
STR_DIK_ABNT_C1,ABNT_C1,ABNT_C1
STR_DIK_CONVERT,Convert,Convert
STR_DIK_NOCONVERT,No Convert,No Convert
STR_DIK_YEN,Yen,Yen
STR_DIK_ABNT_C2,ABNT_C2,ABNT_C2
STR_DIK_NUMPADEQUALS,= [NUM],= [NUM]
STR_DIK_PREVTRACK,Previous Track,Previous Track
STR_DIK_AT,&,&
STR_DIK_COLON,",, ",",, "
STR_DIK_UNDERLINE, _, _
STR_DIK_KANJI,Kanji,Kanji
STR_DIK_STOP,Stop,Stop
STR_DIK_AX,Ax,Ax
STR_DIK_UNLABELED,Unlabeled,Unlabeled
STR_DIK_NEXTTRACK,Next Track,Next Track
STR_DIK_NUMPADENTER,Enter [NUM],Enter [NUM]
STR_DIK_RCONTROL,Right Ctrl,Right Ctrl
STR_DIK_MUTE,Mute,Mute
STR_DIK_CALCULATOR,Calculator,Calculator
STR_DIK_PLAYPAUSE,Play / Pause,Play / Pause
STR_DIK_MEDIASTOP,Media Stop,Media Stop
STR_DIK_VOLUMEDOWN,Volume -,Volume -
STR_DIK_VOLUMEUP,Volume +,Volume +
STR_DIK_WEBHOME,Web Home,Web Home
STR_DIK_NUMPADCOMMA,. [NUM],. [NUM]
STR_DIK_DIVIDE,/ [NUM],/ [NUM]
STR_DIK_SYSRQ,System Request,System Request
STR_DIK_RMENU,Right Alt,Right Alt
STR_DIK_PAUSE,Pause,Pause
STR_DIK_HOME,Home,Home
STR_DIK_UP,UP,UP
STR_DIK_PRIOR,Page Up,Page Up
STR_DIK_LEFT,LEFT,LEFT
STR_DIK_RIGHT,RIGHT,RIGHT
STR_DIK_END,End,End
STR_DIK_DOWN,DOWN,DOWN
STR_DIK_NEXT,Page Down,Page Down
STR_DIK_INSERT,Insert,Insert
STR_DIK_DELETE,Delete,Delete
STR_DIK_LWIN,Left Windows,Left Windows
STR_DIK_RWIN,Right Windows,Right Windows
STR_DIK_APPS,App Menu,App Menu
STR_DIK_POWER,System Power,System Power
STR_DIK_SLEEP,System Sleep,System Sleep
STR_DIK_WAKE,System Wake,System Wake
STR_DIK_WEBSEARCH,Web Search,Web Search
STR_DIK_WEBFAVORITES,Web Favorites,Web Favorites
STR_DIK_WEBREFRESH,Web Refresh,Web Refresh
STR_DIK_WEBSTOP,Web Stop,Web Stop
STR_DIK_WEBFORWARD,Web Forward,Web Forward
STR_DIK_WEBBACK,Web Back,Web Back
STR_DIK_MYCOMPUTER,My Computer,My Computer
STR_DIK_MAIL,Mail,Mail
STR_DIK_MEDIASELECT,Media Select,Media Select
STR_INPUT_DEVICE_MOUSE_0,Prim. Mouse Btn.,Prim. Mouse Btn.
STR_INPUT_DEVICE_MOUSE_1,Sec. Mouse Btn.,Sec. Mouse Btn.
STR_INPUT_DEVICE_MOUSE_2,Middle Mouse Btn.,Middle Mouse Btn.
STR_INPUT_DEVICE_MOUSE_3,Mouse Btn. #4,Mouse Btn. #4
STR_INPUT_DEVICE_MOUSE_4,Mouse Btn. #5,Mouse Btn. #5
STR_INPUT_DEVICE_MOUSE_5,Mouse Btn. #6,Mouse Btn. #6
STR_INPUT_DEVICE_MOUSE_6,Mouse Btn. #7,Mouse Btn. #7
STR_INPUT_DEVICE_MOUSE_7,Mouse Btn. #8,Mouse Btn. #8
STR_INPUT_DEVICE_STICK_0,Stick Btn. #1,Stick Btn. #1
STR_INPUT_DEVICE_STICK_1,Stick Btn. #2,Stick Btn. #2
STR_INPUT_DEVICE_STICK_2,Stick Btn. #3,Stick Btn. #3
STR_INPUT_DEVICE_STICK_3,Stick Btn. #4,Stick Btn. #4
STR_INPUT_DEVICE_STICK_4,Stick Btn. #5,Stick Btn. #5
STR_INPUT_DEVICE_STICK_5,Stick Btn. #6,Stick Btn. #6
STR_INPUT_DEVICE_STICK_6,Stick Btn. #7,Stick Btn. #7
STR_INPUT_DEVICE_STICK_7,Stick Btn. #8,Stick Btn. #8


STR_DN_AMMO_CRATES_WEST2,Ammo Crates II (West),탄약상자 II (West)
STR_DN_AMMO_CRATES_EAST2,Ammo Crates II (East),탄약상자 II (East)
STR_DN_AMMO_CRATES_RES2,Ammo Crates II (Res),탄약상자 II (Res)

COMMENT,***** Added in patch 1.01 *****,
COMMENT,Addons,애드 온
STR_MSG_ADDON_MISSING,"Cannot load mission, missing addons: ","미션을 로딩할 수 없읍니다, 미설치 애드 온 : "
STR_MSG_ADDON_VERSION,Addon %s requires version %s of application., %s 애드 온은 % 버전의 어플리케이션을 필요로 합니다

COMMENT,MP Fade protection,MP 페이드 프로텍션
STR_FADE_REMMEMBER,Remember,기억하십시오
STR_FADE_AWAY,Original games do not fade.,원본 게임이 아닙니다.
STR_FADE_CAUTION,My copy is fading.,화면이 줄어듭니다.

COMMENT,MP server messages,MP 서버 메시지
STR_MP_CONNECT,Player %s connected,플레이어 %s이(가) 접속하였습니다. 
STR_MP_DISCONNECT,Player %s disconnected,플레이어 %s이(가) 퇴장하였습니다. 
STR_MSG_LAUNCH_GAME,Not all players are ready. Are you sure?,모든 플레이어들이 준비되지 않았습니다. 계속 진행하시겠습니까?
STR_DISP_MP_KICKOFF,Kick Off,시작

COMMENT,New vehicle types,새로운 차량 타입
STR_DN_MOTORCYCLE,Motorcycle,오토바이
STR_DN_BICYCLE,Bicycle,자전거

COMMENT,New controls,새로운 컨트롤
STR_USRACT_WALK,Walk,도보

COMMENT,***** Added in patch 1.11 *****,
COMMENT,UI Dialogs,UI 대화
STR_DISP_IP_PORT,Port:,포트 : 
STR_SESSION_NAME_INIT,Creating...,생성중...
STR_DEDICATED_SERVER,Dedicated server,전용서버

COMMENT,Changed (parameter added),변경 (파라미터 추가)
STR_MULTI_TITLE_LAN,Network games on LAN (port %d),LAN을 통한 네트워크 게임 (포트%d)
STR_MULTI_TITLE_REMOTE,Network games on %s:%d,%s : %d상의 네트워크 게임

COMMENT,Joystick configuration,조이스틱 설정
STR_INPUT_DEVICE_STICK_AXIS_X,Stick X-Axis,Stick X-Axis
STR_INPUT_DEVICE_STICK_AXIS_Y,Stick Y-Axis,Stick Y-Axis
STR_INPUT_DEVICE_STICK_AXIS_Z,Stick Z-Axis,Stick Z-Axis
STR_INPUT_DEVICE_STICK_ROT_X,Stick X-Rotate,Stick X-Rotate
STR_INPUT_DEVICE_STICK_ROT_Y,Stick Y-Rotate,Stick Y-Rotate
STR_INPUT_DEVICE_STICK_ROT_Z,Stick Z-Rotate,Stick Z-Rotate
STR_INPUT_DEVICE_STICK_SLIDER_1,Stick Slider 1,Stick Slider 1
STR_INPUT_DEVICE_STICK_SLIDER_2,Stick Slider 2,Stick Slider 2
STR_INPUT_DEVICE_MOUSE_AXIS_X,Mouse X-Axis,마우스 X-Axis
STR_INPUT_DEVICE_MOUSE_AXIS_Y,Mouse Y-Axis,마우스 Y-Axis
STR_INPUT_DEVICE_MOUSE_AXIS_Z,Mouse Wheel,마우스 휠

STR_INPUT_DEVICE_POV_N,Pov 0 deg,Pov 0 deg
STR_INPUT_DEVICE_POV_NE,Pov 45 deg,Pov 45 deg
STR_INPUT_DEVICE_POV_E,Pov 90 deg,Pov 90 deg
STR_INPUT_DEVICE_POV_SE,Pov 125 deg,Pov 125 deg
STR_INPUT_DEVICE_POV_S,Pov 180 deg,Pov 180 deg
STR_INPUT_DEVICE_POV_SW,Pov 225 deg,Pov 225 deg
STR_INPUT_DEVICE_POV_W,Pov 270 deg,Pov 270 deg
STR_INPUT_DEVICE_POV_NW,Pov 315 deg,Pov 315 deg

STR_USRACT_TURN,Turn,회전
STR_USRACT_ACCELERATE,Dive (Air)/Forward (Land),낙하(공중)/전진(육상)
STR_USRACT_THRUST,Thrust (Air),공격(공중)
STR_USRACT_RUDDER,Rudder (Air),방향타(공중)
STR_USRACT_LOCK_OR_ZOOM,Lock or Zoom,잠금 또는 확대

STR_MP_VALIDERROR,%s uses modified config file,%s이(가) 수정된 config 파일을 사용하고 있습니다. 
STR_MP_VALIDERROR_1,%s uses modified exe file,%s이(가) 수정된 exe 파일을 사용하고 있습니다. 
STR_MP_VALIDERROR_2,%s uses modified data file,%s이(가) 수정된 데이타 파일을 사용하고 있습니다. 

STR_MP_LOGGED,Logged in as admin,
STR_DISP_MP_BAN,Ban,금지


COMMENT, ---------------- added for MP wizzard --------------------,

STR_MPW_NEW_EDIT,<< New - Editor >>,미션 만들기
STR_MPW_NEW_WIZ,<< New - Wizard >>,미션 만들기 마법사

STR_DISP_MPW_TITLE,Mission Wizard,위자드 미션
STR_DISP_MPW_TEMPLATE,Template:,형태 : 
STR_DISP_MPW_DESCRIPTION,Description:,설명 : 
STR_DISP_MPW_NAME,Mission name:,미션명 : 
STR_MSG_MPW_NONAME,You have to name your mission first!,미션의 이름을 먼저 설정하십시오!

STR_DISP_MPW_FINISH, Finish,마침

STR_DISP_PORT_TITLE,Port,포트
STR_DISP_MPROLE_SIDES,Sides,사이드

COMMENT,***** Added in patch 1.21 *****,
STR_MSG_MISSION_VERSION,Mission requires version %s of application., %s 애드 온은 % 버전의 어플리케이션을 필요로 합니다
STR_MSG_NO_WORLD,World %s not found.,%s 세계가 발견되지 않았습니다. 

STR_SESSION_CREATE,Creating,생성중
STR_SESSION_EDIT,Editing,편집중,,,,,,,,
STR_SESSION_WAIT,Waiting,대기중,,,,,,,,
STR_SESSION_SETUP,Setting up,셋업중,,,,,,,,
STR_SESSION_DEBRIEFING,Debriefing,결과보고,,,,,,,,
STR_SESSION_BRIEFING,Briefing,상황보고,,,,,,,,
STR_SESSION_PLAY,Playing,진행중,,,,,,,,

STR_SESSION_VERSION,Version: %.2f ,버전 :  %.2f,,,,,,,,
STR_SESSION_REQUIRED,Required: %.2f ,필요사항 :  %.2f,,,,,,,,

STR_DISP_CLIENT_TEXT_EDIT,Editing mission,미션 편집,,,,,,,Hra prob?h? (%s),

STR_SERVER_MONITOR,"Server load: FPS %.0f, memory used: %.0f MB, out: %.0f Kbps, in: %.0f Kbps","서버 로드 :  FPS %.0f, memory used :  %.0f MB, out :  %.0f Kbps, in :  %.0f Kbps",,,,,,,,

STR_CLIENT_WAIT_TITLE,Game in progress (%s),게임 진행중(%s),,,,,,,, po?kej pros?m

STR_MPROLE_ENABLE_ALL,Enable All,모두 사용
STR_MPROLE_DISABLE_ALL,Disable All,모두 사용하지 않음

COMMENT,***** Changed in patch 1.23 *****,
STR_MPROLE_POOL_WEST,Pool:,풀 : 
STR_MPROLE_POOL_EAST,Pool:,풀 : 
STR_MPROLE_POOL_RESIST,Pool:,풀 : 
STR_MPROLE_POOL_CIVIL,Pool:,풀 : 

COMMENT,***** Added in patch 1.24 *****,
STR_MSG_MP_SESSION_FULL,Maximum number of players has been reached.,최대 인원수에 도달하였습니다 
STR_DISP_MP_PL_TIME,Time:,시간 : 
STR_DIFF_TRACERS,Rifle bullet tracers,총기 탄약 예광탄
STR_MP_CONNECTING,Player %s connecting,플레이어 %s이(가) 접송중입니다

STR_DISP_MP_PING,Ping:,핑 : 
STR_DISP_MP_BANDWIDTH,Bandwidth:,주파수 대역폭 : 
STR_DISP_MP_DESYNC,Desync:,비동기 : 
STR_MP_SERVER,Server,서버
STR_MP_MASTER,Admin,주소

STR_DISP_OPT_BLOOD,Blood:,블러드:

COMMENT,***** Added in patch 1.30 *****,
STR_DISP_OPT_MULTITEXTURING,Multitexturing:,멀티 텍스쳐링 : 
STR_DISP_OPT_WBUFFER,W-buffer:,W-버퍼 : 

COMMENT,***** Added after 1.30 *****,
STR_ACTION_PUTBOMB,Put %s (%d left),%s 설치 (%d 남음)

STR_ULTRA_AI,Super AI,Super AI

STR_KILLED_BY_FRIENDLY,%s (%s %d) was killed by %s (Friendly fire),%s (%s %d) 사망했습니다 %s (아군 사격으로)
STR_KILLED_FRIENDLY,%s (%s %d) was killed (Friendly fire),%s (%s %d) 사망했습니다 (아군 사격으로)

STR_TIME_LEFT,%d min left,%d 분이 남았습니다